review_id,status,reason,source,source_work_id,source_key,raw_title,raw_authors,author_evidence,search_queries,candidate_work_ids,version_evidence,metadata,search_fingerprint,detail_fingerprint,first_seen,last_seen,last_checked,processing_result
"REVIEW_015264c44d1b4a8f1c9a","REVIEW_REQUIRED","UNRESOLVED_TITLE_IDENTITY","jm","149633","jm:149633","(C97) [3104丁目 (3104)] Soon Lazy","[""3104""]","{""canonical_author"":""3104"",""matched_tokens"":[""3104""],""rule"":""DIRECT_EXACT""}","[""3104""]","[""WORK_00097"",""WORK_00098""]","{""chinese"":null,""color"":null,""sample"":null,""translation"":""unknown"",""uncensored"":null}","{""actors"":[],""addtime"":""1579821571"",""description"":"""",""series"":[],""series_id"":""0"",""tags"":[""C97"",""ntr"",""日文""],""total_photos"":32,""works"":[]}","f320309484c0fb2f109a2d47c7fe0263131ec11db80ce4c29521a3c9d73d6327","332c21a9299ccd218ef186f960b6ae604f806b29ecc3716c5195dc1e415a846f","2026-09-05T23:36:28.382825318+00:00","2026-09-05T23:36:28.382825318+00:00","2026-09-05T23:36:28.382825318+00:00","REVIEW_REQUIRED"
"REVIEW_024cd796e4c1636888f6","REVIEW_REQUIRED","UNRESOLVED_TITLE_IDENTITY","jm","59308","jm:59308","[ちまた(2-G)][２年G組１學期!!]","[""ちまた(2-G)""]","{""canonical_author"":""2-G"",""matched_tokens"":[""2-G""],""rule"":""PARENTHESIZED_OFFICIAL_TOKEN""}","[""2-G""]","[""WORK_02657""]","{""chinese"":null,""color"":null,""sample"":null,""translation"":""unknown"",""uncensored"":null}","{""actors"":[],""addtime"":""1521368914"",""description"":""空気系★漢化"",""series"":[],""series_id"":""0"",""tags"":[""ちまた""],""total_photos"":23,""works"":[]}","83790c15fab6d0c0db1c677c9a0b740329165540ed29d589df2c27f02869adeb","e6f757810b50fec82292c52776b358241103143d9edfba1a00cc990fd362ed5d","2026-09-05T23:36:28.382825318+00:00","2026-09-05T23:36:28.382825318+00:00","2026-09-05T23:36:28.382825318+00:00","REVIEW_REQUIRED"
"REVIEW_057bee24fa34f2904a65","REVIEW_REQUIRED","UNRESOLVED_TITLE_IDENTITY","jm","616279","jm:616279","[空氣系☆漢化] (C104) [ろいやるびっち (haruhisky)] 妻が、他人の雌になるまで。里 ―ショートカット巨乳妻・佐々木美咲の場合― (オリジナル)","[""haruhisky""]","{""canonical_author"":""haruhisky"",""matched_tokens"":[""haruhisky""],""rule"":""DIRECT_EXACT""}","[""haruhisky""]","[""WORK_00001"",""WORK_00068"",""WORK_00799"",""WORK_02582"",""WORK_02583""]","{""chinese"":true,""color"":null,""sample"":null,""translation"":""unknown"",""uncensored"":null}","{""actors"":[],""addtime"":""1723560175"",""description"":"""",""series"":[],""series_id"":""0"",""tags"":[""C104"",""NTR"",""巨乳"",""中出"",""懷孕"",""中文""],""total_photos"":65,""works"":[]}","7ea308b9df0955a331a9db7918b5264eab53f8199e5be728cd0bef30571d455d","7455af8cde262cb9820019ebbb979b9c6d52e200d27971c6edd539e83e3c0e75","2026-09-05T23:36:28.382825318+00:00","2026-09-05T23:36:28.382825318+00:00","2026-09-05T23:36:28.382825318+00:00","REVIEW_REQUIRED"
"REVIEW_09fa350b3395a3c24a85","REVIEW_REQUIRED","UNRESOLVED_TITLE_IDENTITY","jm","1230043","jm:1230043","[一億萬軒茶屋 (2-G)] 委員長は押しに弱い 〜もう一回セックスしたら勉強するから〜 [中國翻譯]","[""2-G""]","{""canonical_author"":""2-G"",""matched_tokens"":[""2-G""],""rule"":""DIRECT_EXACT""}","[""2-G""]","[""WORK_02657""]","{""chinese"":true,""color"":null,""sample"":null,""translation"":""unknown"",""uncensored"":null}","{""actors"":[],""addtime"":""1763259895"",""description"":"""",""series"":[],""series_id"":""0"",""tags"":[""巨乳"",""乳交"",""馬尾"",""中文""],""total_photos"":17,""works"":[]}","fcb8da35bd2f256d8c892039d03fe44e84858f4309cd883f69009307d166f6ae","7669608811a710fd6d30262c0a5c051a30fb52fc86eb5087bfeffc67f5623008","2026-09-05T23:36:28.382825318+00:00","2026-09-05T23:36:28.382825318+00:00","2026-09-05T23:36:28.382825318+00:00","REVIEW_REQUIRED"
"REVIEW_0c6fc7d38bea3b941bcc","REVIEW_REQUIRED","UNRESOLVED_TITLE_IDENTITY","jm","561704","jm:561704","[Origin個人測試漢化] [ろいやるびっち (haruhisky)] みょーちゃん先生かくパコりき (みょーちゃん先生はかく語りき) [DL版]","[""haruhisky""]","{""canonical_author"":""haruhisky"",""matched_tokens"":[""haruhisky""],""rule"":""DIRECT_EXACT""}","[""haruhisky""]","[""WORK_00001"",""WORK_00068"",""WORK_00799"",""WORK_02582"",""WORK_02583""]","{""chinese"":true,""color"":null,""sample"":null,""translation"":""unknown"",""uncensored"":null}","{""actors"":[],""addtime"":""1713039304"",""description"":""來源：https://www.dmm.co.jp/dc/doujin/-/detail/=/cid=d_334530/https://www.dlsite.com/maniax/work/=/product_id/RJ01143368.html"",""series"":[],""series_id"":""0"",""tags"":[""巨乳"",""熟女"",""中出"",""中文""],""total_photos"":36,""works"":[]}","e8e1f468de900bf669c840482533d32f12ba99f4382d6d243994a9630dd1578d","c77ebea1fa268ef03364abc744b9ca7882c17527a75d2cce83662a8c97348021","2026-09-05T23:36:28.382825318+00:00","2026-09-05T23:36:28.382825318+00:00","2026-09-05T23:36:28.382825318+00:00","REVIEW_REQUIRED"
"REVIEW_0cc5825d4ee3391e5efa","REVIEW_REQUIRED","UNRESOLVED_TITLE_IDENTITY","pica","68dbc05a700d871dff89d55b","pica:68dbc05a700d871dff89d55b","マチアプ女にハメられて連続射精でチンポぶっ壊れるまで搾り尽くされた","[""一億万軒茶屋 (2-G)""]","{""canonical_author"":""2-G"",""matched_tokens"":[""2-G""],""rule"":""PARENTHESIZED_OFFICIAL_TOKEN""}","[""2-G""]","[""WORK_02657""]","{""chinese"":null,""color"":null,""sample"":null,""translation"":""unknown"",""uncensored"":null}","{""allowDownload"":true,""categories"":[""短篇""],""chineseTeam"":""Amerins漢化"",""created_at"":""2025-09-29T13:39:28.263Z"",""description"":""更新全彩版\n\n讓匹配應用的女人幹炮而連續射精最終肉棒直到被玩壞前已被吃乾抹淨"",""epsCount"":2,""finished"":true,""pagesCount"":50,""tags"":[""巨乳"",""口交"",""乳交"",""騎乗"",""中出"",""眼鏡""],""updated_at"":""2026-06-08T17:56:36.843Z""}","902f6ddf1e4f390ce9a321c6aafae09fb2cdcf0f0a4ef8d2dd36243daa573fb3","15e005ea091dc4e9e40657b85e517f55b57adb0586ba07aaf2f8c07b2eec46f7","2026-09-05T23:36:28.382825318+00:00","2026-09-05T23:36:28.382825318+00:00","2026-09-05T23:36:28.382825318+00:00","REVIEW_REQUIRED"
"REVIEW_0d58b7c5de1a43bbf2d8","REVIEW_REQUIRED","UNRESOLVED_TITLE_IDENTITY","jm","302458","jm:302458","[空氣系☆漢化]  [HoneyRoad (Bee導師)] 配達バニーガール [中國翻譯] [DL版]","[""Bee導師""]","{""canonical_author"":""Bee導師"",""matched_tokens"":[""Bee導師""],""rule"":""DIRECT_EXACT""}","[""Bee導師""]","[""WORK_01172"",""WORK_01173"",""WORK_01175""]","{""chinese"":true,""color"":null,""sample"":null,""translation"":""unknown"",""uncensored"":null}","{""actors"":[],""addtime"":""1641468124"",""description"":"""",""series"":[],""series_id"":""0"",""tags"":[""CG"",""中文""],""total_photos"":19,""works"":[]}","253bc979bc4c7dafe0fc8c79c3463649325cd3039727faa3e66c33bca607dd3f","c7f34b050296e92e75a47814fe22eaf088323809b60ed4428484365004cfc8f0","2026-09-05T23:36:28.382825318+00:00","2026-09-05T23:36:28.382825318+00:00","2026-09-05T23:36:28.382825318+00:00","REVIEW_REQUIRED"
"REVIEW_0e9d8072e4af7a3fd067","REVIEW_REQUIRED","UNRESOLVED_TITLE_IDENTITY","pica","5e4e2e741415be3c4cb55c60","pica:5e4e2e741415be3c4cb55c60","冬コミのおまけ本 (アイドルマスター シャイニーカラーズ) [中国翻訳][DL版]","[""3104丁目 (3104)""]","{""canonical_author"":""3104"",""matched_tokens"":[""3104""],""rule"":""PARENTHESIZED_OFFICIAL_TOKEN""}","[""3104""]","[""WORK_00097"",""WORK_00098""]","{""chinese"":null,""color"":null,""sample"":null,""translation"":""unknown"",""uncensored"":null}","{""allowDownload"":true,""categories"":[""短篇"",""同人"",""NTR""],""chineseTeam"":""水也木又个人汉化"",""created_at"":""2020-02-19T15:22:14.940Z"",""description"":""明明是NTR呀"",""epsCount"":1,""finished"":true,""pagesCount"":4,""tags"":[""巨乳"",""偶像大師"",""中出""],""updated_at"":""2020-02-20T07:00:04.804Z""}","a11e82d6f71ce5636c6cd838b17a10dcc70e63a4932a414ad4e341edfe6e4e8f","f99a897a12eea2a36e9f1470ac2828a95eb2be12aa36f7f1867a19373dc7f22f","2026-09-05T23:36:28.382825318+00:00","2026-09-05T23:36:28.382825318+00:00","2026-09-05T23:36:28.382825318+00:00","REVIEW_REQUIRED"
"REVIEW_0ee674b8dbb5d3916dab","REVIEW_REQUIRED","UNRESOLVED_TITLE_IDENTITY","jm","1048481","jm:1048481","[空氣系☆漢化] (C105) [3104丁目 (3104)] 紫のショウメイ[中國翻譯] [DL版]","[""3104""]","{""canonical_author"":""3104"",""matched_tokens"":[""3104""],""rule"":""DIRECT_EXACT""}","[""3104""]","[""WORK_00097"",""WORK_00098""]","{""chinese"":true,""color"":null,""sample"":null,""translation"":""unknown"",""uncensored"":null}","{""actors"":[],""addtime"":""1735865376"",""description"":""[3104tyome (3104)] Murasaki no Syoumei"",""series"":[],""series_id"":""0"",""tags"":[""C105"",""巨乳"",""辣妹"",""中出"",""NTR"",""校服"",""中文""],""total_photos"":35,""works"":[]}","17d6945f6e2624cfb5b538c12cc7dbe5cc0e9c2fe55b1bbdf0cde5f715a3a454","ab34085b738c81fcc250abcfe4dd717794c5472c807722ab2f15632cdeb94e98","2026-09-05T23:36:28.382825318+00:00","2026-09-05T23:36:28.382825318+00:00","2026-09-05T23:36:28.382825318+00:00","REVIEW_REQUIRED"
"REVIEW_10efcb360f97095ba80d","REVIEW_REQUIRED","UNRESOLVED_TITLE_IDENTITY","pica","67ab76328c3c50428a91da44","pica:67ab76328c3c50428a91da44"," 紫のショウメイ[中国翻訳] [DL版]","[""3104丁目 (3104)""]","{""canonical_author"":""3104"",""matched_tokens"":[""3104""],""rule"":""PARENTHESIZED_OFFICIAL_TOKEN""}","[""3104""]","[""WORK_00097"",""WORK_00098""]","{""chinese"":null,""color"":null,""sample"":null,""translation"":""unknown"",""uncensored"":null}","{""allowDownload"":true,""categories"":[""短篇"",""姐姐系"",""NTR""],""chineseTeam"":""空気系☆漢化"",""created_at"":""2025-02-10T14:01:30.897Z"",""description"":""☆“姐姐，你也不希望涼太在學校被人欺負吧。”\n☆長期招募翻譯和鑲字中！歡迎各種有熱情的新人和兼職！！本組為無償漢化組！！！☆"",""epsCount"":1,""finished"":true,""pagesCount"":35,""tags"":[""巨乳"",""乳交"",""蹦壞臉""],""updated_at"":""2025-02-11T16:09:22.600Z""}","2347e3ae2e8c55af7b4a36b3d68d5c26f635821e34a029a9ba8b97d7c46eecbe","4ba539eb70cf1aa6266b7af0d4f75c212b8059be52cbfc7b6b4ed701fa29a9d4","2026-09-05T23:36:28.382825318+00:00","2026-09-05T23:36:28.382825318+00:00","2026-09-05T23:36:28.382825318+00:00","REVIEW_REQUIRED"
"REVIEW_12d036f7bb6299fa5098","REVIEW_REQUIRED","UNRESOLVED_TITLE_IDENTITY","jm","413563","jm:413563","[haruhisky] バニーコスでボテるまで出られない初夢。【ラフ】 (涼宮ハルヒの憂鬱)","[""haruhisky""]","{""canonical_author"":""haruhisky"",""matched_tokens"":[""haruhisky""],""rule"":""DIRECT_EXACT""}","[""haruhisky""]","[""WORK_00001"",""WORK_00068"",""WORK_00799"",""WORK_02582"",""WORK_02583""]","{""chinese"":null,""color"":null,""sample"":null,""translation"":""unknown"",""uncensored"":null}","{""actors"":[""涼宮春日""],""addtime"":""1673580302"",""description"":""https://www.patreon.com/haruhisky\r\nhttps://www.fanbox.cc/@haruhisky\r\nhttps://fantia.jp/fanclubs/2717\r\nhttps://haruhisky.com/\r\nhttps://www.pixiv.net/users/4956073\r\nhttps://twitter.com/haruhisky1"",""series"":[],""series_id"":""0"",""tags"":[""巨乳"",""兔女郎"",""連褲襪"",""中出"",""懷孕"",""乳汁"",""日文""],""total_photos"":22,""works"":[""涼宮ハルヒの憂鬱""]}","7c0b5f74b8c49b260a30a5f077253dd03b08503ac08d77ebccb19e59b04eab5d","b95866863315d178a382d24fcdbf28108c5da46aeb1c8c201e9e391d0c576c85","2026-09-05T23:36:28.382825318+00:00","2026-09-05T23:36:28.382825318+00:00","2026-09-05T23:36:28.382825318+00:00","REVIEW_REQUIRED"
"REVIEW_12ea76e67c7ec3bdcd43","REVIEW_REQUIRED","UNRESOLVED_TITLE_IDENTITY","jm","1244034","jm:1244034","(C107) [路人漢化] [Digital] [ろいやるびっち (haruhisky)] セイバーさん ヤリモクナンパ待ち 溫泉編 (Fate/stay night) [中國翻譯] [DL版]","[""haruhisky""]","{""canonical_author"":""haruhisky"",""matched_tokens"":[""haruhisky""],""rule"":""DIRECT_EXACT""}","[""haruhisky""]","[""WORK_00001"",""WORK_00068"",""WORK_00799"",""WORK_02582"",""WORK_02583""]","{""chinese"":true,""color"":null,""sample"":null,""translation"":""unknown"",""uncensored"":null}","{""actors"":[],""addtime"":""1767449259"",""description"":"""",""series"":[],""series_id"":""0"",""tags"":[""C107"",""NTR"",""群交"",""雙馬尾"",""中文""],""total_photos"":40,""works"":[]}","bade6dbd573a102e5b15317eeb0a92c818783d06a46e8a81a80f2b1a3f21f2df","fcf8555b503be764ccee9c674cfa9c4e880ffae890121a858a4f1cf7d5520472","2026-09-05T23:36:28.382825318+00:00","2026-09-05T23:36:28.382825318+00:00","2026-09-05T23:36:28.382825318+00:00","REVIEW_REQUIRED"
"REVIEW_138d8bf21a3aedd9c9f3","REVIEW_REQUIRED","UNRESOLVED_TITLE_IDENTITY","pica","5b96a7f4e643e44afd9bcf97","pica:5b96a7f4e643e44afd9bcf97","師匠に土下座して恋人エッチしてもらう本。","[""ろいやるびっち (haruhisky)""]","{""canonical_author"":""haruhisky"",""matched_tokens"":[""haruhisky""],""rule"":""PARENTHESIZED_OFFICIAL_TOKEN""}","[""haruhisky""]","[""WORK_00001"",""WORK_00068"",""WORK_00799"",""WORK_02582"",""WORK_02583""]","{""chinese"":null,""color"":null,""sample"":null,""translation"":""unknown"",""uncensored"":null}","{""allowDownload"":true,""categories"":[""純愛"",""Fate""],""chineseTeam"":""空気系☆漢化"",""created_at"":""2018-09-10T14:43:19.048Z"",""description"":""我永远喜欢紫色老。。。。。。美少女"",""epsCount"":1,""finished"":true,""pagesCount"":24,""tags"":[""Fate / Grand Order"",""COMIC1☆13""],""updated_at"":""2018-09-10T17:20:52.976Z""}","71aaf0c51c4c7fc74b79814ac6f37ef80f46640302bbb5d09034ed1a216ca735","9faafd4773f8184937b09cf3bb5ad9d1bbcb76bd025068d7b6d46afbe7c4470d","2026-09-05T23:36:28.382825318+00:00","2026-09-05T23:36:28.382825318+00:00","2026-09-05T23:36:28.382825318+00:00","REVIEW_REQUIRED"
"REVIEW_14830f048cce0a6002f0","REVIEW_REQUIRED","UNRESOLVED_TITLE_IDENTITY","jm","526669","jm:526669","[Rogan個人翻譯] [haruhisky] 涼宮ハルヒの最終癡〇電車 (涼宮ハルヒの憂鬱) [中國翻譯]","[""haruhisky""]","{""canonical_author"":""haruhisky"",""matched_tokens"":[""haruhisky""],""rule"":""DIRECT_EXACT""}","[""haruhisky""]","[""WORK_00001"",""WORK_00068"",""WORK_00799"",""WORK_02582"",""WORK_02583""]","{""chinese"":true,""color"":null,""sample"":null,""translation"":""unknown"",""uncensored"":null}","{""actors"":[""涼宮ハルヒ""],""addtime"":""1704300918"",""description"":"""",""series"":[],""series_id"":""0"",""tags"":[""巨乳"",""癡漢"",""校服"",""中文""],""total_photos"":38,""works"":[""涼宮ハルヒの憂鬱""]}","1981f440ee59996535dbb0abce5ecf7264b151cab1d3eaf0eac55d28acadf79b","6563ba9eb5c439f16a951dc4ce75d80b75b5cb321f284662618c3a1ff4e8f5e0","2026-09-05T23:36:28.382825318+00:00","2026-09-05T23:36:28.382825318+00:00","2026-09-05T23:36:28.382825318+00:00","REVIEW_REQUIRED"
"REVIEW_159c4081e6777854d329","REVIEW_REQUIRED","UNRESOLVED_TITLE_IDENTITY","jm","1114759","jm:1114759","[haruhisky] 流され生ハメセイバーさん (Fate/stay night)（Chinese）","[""haruhisky""]","{""canonical_author"":""haruhisky"",""matched_tokens"":[""haruhisky""],""rule"":""DIRECT_EXACT""}","[""haruhisky""]","[""WORK_00001"",""WORK_00068"",""WORK_00799"",""WORK_02582"",""WORK_02583""]","{""chinese"":true,""color"":true,""sample"":null,""translation"":""unknown"",""uncensored"":null}","{""actors"":[""阿爾托莉雅·潘德拉貢""],""addtime"":""1743037786"",""description"":""[haruhisky] Nagasare Namahame Saber-san (Fate/stay night)（Chinese）"",""series"":[],""series_id"":""0"",""tags"":[""CG集"",""全彩"",""泳裝"",""兔女郎"",""巨乳"",""中出"",""中文""],""total_photos"":25,""works"":[""命運／停駐之夜：無限劍製""]}","ff43e63d25273c1f73fbf9e7630e02b1450f99b9622db03d01153dc1ce95b55e","257a2b206dfd01b3c733329349da2e91b18674f385dc756cda5301701e2bb6be","2026-09-05T23:36:28.382825318+00:00","2026-09-05T23:36:28.382825318+00:00","2026-09-05T23:36:28.382825318+00:00","REVIEW_REQUIRED"
"REVIEW_1694dda9122e7c158e20","REVIEW_REQUIRED","UNCONFIRMED_AUTHOR","pica","5d61498d4b4df031401d292a","pica:5d61498d4b4df031401d292a","風見幽香は動かない","[""Gun2g""]","{""canonical_author"":null,""matched_tokens"":[],""rule"":""NO_CONFIRMED_AUTHOR_EVIDENCE""}","[""2-G""]","[]","{""chinese"":null,""color"":null,""sample"":null,""translation"":""unknown"",""uncensored"":null}","{""allowDownload"":true,""categories"":[""短篇"",""同人"",""東方"",""禁書目錄""],""chineseTeam"":""喵玉汉化"",""created_at"":""2019-08-24T13:34:25.834Z"",""description"":""炸毁红魔馆的人找到了！@带带上班族"",""epsCount"":1,""finished"":false,""pagesCount"":28,""tags"":[""東方"",""東方: 射命丸文"",""東方: 鬼人正邪"",""東方: 風見幽香"",""JOJO: 岸邊露伴"",""無H內容""],""updated_at"":""2019-08-24T14:28:29.944Z""}","ce940ec2bb01818c1fb740b42d98c6559b9b50422957ff3bce77f02aa93ba1a4","2a2f5ac316ac018fbcfed7ab4be9da8640a2fdac04a2a7d4a3e811cf281aa494","2026-09-05T23:36:28.382825318+00:00","2026-09-05T23:36:28.382825318+00:00","2026-09-05T23:36:28.382825318+00:00","REVIEW_REQUIRED"
"REVIEW_16fe36db13b59afeac2f","REVIEW_REQUIRED","UNRESOLVED_TITLE_IDENTITY","jm","485873","jm:485873","[3104丁目 (3104)] ただ悲しいフリをする｜ 隻是假裝在悲傷 [Looike漢化組] [DL版]","[""3104""]","{""canonical_author"":""3104"",""matched_tokens"":[""3104""],""rule"":""DIRECT_EXACT""}","[""3104""]","[""WORK_00097"",""WORK_00098""]","{""chinese"":true,""color"":null,""sample"":null,""translation"":""unknown"",""uncensored"":null}","{""actors"":[],""addtime"":""1693881242"",""description"":"""",""series"":[],""series_id"":""0"",""tags"":[""C102"",""口交"",""拍攝"",""中文""],""total_photos"":33,""works"":[]}","8eddc277cf7e047aab58e19bd512f5372b7f67f77c7e048c59956feb6452a5d1","29a01e7984423429e7ba4bd415e4bc640b7fe273bf7031ca9f58b99170dee9cd","2026-09-05T23:36:28.382825318+00:00","2026-09-05T23:36:28.382825318+00:00","2026-09-05T23:36:28.382825318+00:00","REVIEW_REQUIRED"
"REVIEW_17ab9032bfb548798a83","REVIEW_REQUIRED","UNRESOLVED_TITLE_IDENTITY","pica","676043e072a2d055b1d42c24","pica:676043e072a2d055b1d42c24","妻が、他人の雌になるまで・裏 ―ショートカット巨乳妻・佐々木美咲の場合―[中国翻译]","[""ろいやるびっち (haruhisky)""]","{""canonical_author"":""haruhisky"",""matched_tokens"":[""haruhisky""],""rule"":""PARENTHESIZED_OFFICIAL_TOKEN""}","[""haruhisky""]","[""WORK_00001"",""WORK_00068"",""WORK_00799"",""WORK_02582"",""WORK_02583""]","{""chinese"":true,""color"":null,""sample"":null,""translation"":""unknown"",""uncensored"":null}","{""allowDownload"":true,""categories"":[""長篇"",""人妻"",""NTR""],""chineseTeam"":""超勇漢化組"",""created_at"":""2024-12-16T09:33:28.510Z"",""description"":""汉化者授权委托代传；原話：超勇汉化组承接各类作品汉化，长短漫画、音频影视、小说游戏统统不在话下。我们的汉化工作细致入微，沟通轻松，尽力让每位读者满意！然请注意，超勇汉化组不出售任何汉化成品资源，只接受汉化委托，如无客户要求绝不私自外传。有意下单或汉化合作请加组长qq。\n组内分工明确，奖惩分明，各位若是对汉化有兴趣且有一定基础，可以进入新人考核群进行测试。新人测试群。\n本组组长好辩史明经，亦喜谈天吹水之乐，欢迎大家来聊天群吹水（群内无任何资源，请进群后记得阅读群规，谢绝未成年人进群）若搜不到群号可加组长QQ，记得写明备注“意图加入聊天群”。\n想联系汉化或加入聊天群请参考尾页信息。"",""epsCount"":1,""finished"":true,""pagesCount"":65,""tags"":[""人妻"",""NTR"",""巨乳"",""熟女"",""情趣內衣"",""中出"",""懷孕""],""updated_at"":""2024-12-16T15:14:40.455Z""}","d70ea8dedac698eeddf7332ea8d24b068fbb49e757f098558331b54dcc8fe655","619486491e914bbb683b0ef3ee650d225da7c00f9296fb584d8f632c4568d4e4","2026-09-05T23:36:28.382825318+00:00","2026-09-05T23:36:28.382825318+00:00","2026-09-05T23:36:28.382825318+00:00","REVIEW_REQUIRED"
"REVIEW_18449f458a694e788b85","REVIEW_REQUIRED","UNRESOLVED_TITLE_IDENTITY","jm","1444812","jm:1444812","[天魔的黑兔個人漢化] [ろいやるびっち (haruhisky)] アオハルトラレ","[""haruhisky""]","{""canonical_author"":""haruhisky"",""matched_tokens"":[""haruhisky""],""rule"":""DIRECT_EXACT""}","[""haruhisky""]","[""WORK_00001"",""WORK_00068"",""WORK_00799"",""WORK_02582"",""WORK_02583""]","{""chinese"":true,""color"":null,""sample"":null,""translation"":""unknown"",""uncensored"":true}","{""actors"":[],""addtime"":""1780761118"",""description"":""[Royal Bitch (Haruhisky)] AOHARU TORARE"",""series"":[],""series_id"":""0"",""tags"":[""巨尻"",""巨乳"",""口交"",""處女"",""拍攝"",""多毛"",""催眠"",""中出"",""NTR"",""乳交"",""馬尾"",""校服"",""教師"",""群交"",""無修正"",""中文""],""total_photos"":61,""works"":[]}","315f22a04da5fbb655b46680bb777d4e56ed8db55a2bc5cc780c205a987e7124","36f92c084045b3969b5c57af7ced46eb9a642056a10acfb7b477a7b5ddee4f06","2026-09-05T23:36:28.382825318+00:00","2026-09-05T23:36:28.382825318+00:00","2026-09-05T23:36:28.382825318+00:00","REVIEW_REQUIRED"
"REVIEW_18c93de3d7f3ac91ea92","REVIEW_REQUIRED","UNRESOLVED_TITLE_IDENTITY","jm","95172","jm:95172","[ろいやるびっち (haruhisky)] くーねるすまた 5 (くーねるまるた)","[""haruhisky""]","{""canonical_author"":""haruhisky"",""matched_tokens"":[""haruhisky""],""rule"":""DIRECT_EXACT""}","[""haruhisky""]","[""WORK_00001"",""WORK_00068"",""WORK_00799"",""WORK_02582"",""WORK_02583""]","{""chinese"":null,""color"":null,""sample"":null,""translation"":""unknown"",""uncensored"":null}","{""actors"":[],""addtime"":""1547712943"",""description"":""[ろいやるびっち (haruhisky)] くーねるすまた 5 (くーねるまるた)"",""series"":[],""series_id"":""0"",""tags"":[""ろいやるびっち"",""haruhisky"",""くーねるすまた"",""くーねるまるた""],""total_photos"":21,""works"":[]}","8d61bfaea89e5cc79a9a6af3c6d7cef1f1851f42ee830e6ae73831c938780a99","0e8ce539c49a831af9d2a87970451e280b464c56c5e9016583b91ef75a89dd02","2026-09-05T23:36:28.382825318+00:00","2026-09-05T23:36:28.382825318+00:00","2026-09-05T23:36:28.382825318+00:00","REVIEW_REQUIRED"
"REVIEW_1a49891c66d3df1125c9","REVIEW_REQUIRED","UNRESOLVED_TITLE_IDENTITY","pica","6a42a9faaf64e16a597dbfbf","pica:6a42a9faaf64e16a597dbfbf","竿役募集してる推しの爆乳エロ配信者が妹になりました","[""一億万軒茶屋 (2-G)""]","{""canonical_author"":""2-G"",""matched_tokens"":[""2-G""],""rule"":""PARENTHESIZED_OFFICIAL_TOKEN""}","[""2-G""]","[""WORK_02657""]","{""chinese"":null,""color"":null,""sample"":null,""translation"":""unknown"",""uncensored"":null}","{""allowDownload"":true,""categories"":[""短篇""],""chineseTeam"":"""",""created_at"":""2026-06-28T09:46:03.546Z"",""description"":"""",""epsCount"":1,""finished"":true,""pagesCount"":20,""tags"":[""巨乳"",""雙馬尾"",""乳交"",""橫切面"",""中出""],""updated_at"":""2026-06-29T17:23:06.554Z""}","5ca530dc92517369a16b7fed5225a15f03a5b2619c0dd17910ce08ae064eb637","0d45853a1c78751ae41ede6fa6a9ec2d985ed16a00736a8f177b619c7490cfec","2026-09-05T23:36:28.382825318+00:00","2026-09-05T23:36:28.382825318+00:00","2026-09-05T23:36:28.382825318+00:00","REVIEW_REQUIRED"
"REVIEW_1be067aaca7ef60861f3","REVIEW_REQUIRED","LOW_INFORMATION_OR_COLLECTION_TITLE","pica","62efce7336b1dd04e7330099","pica:62efce7336b1dd04e7330099","はるこす1--13+ 総集編1-3(涼宮ハルヒの憂鬱) [DL版]","[""ろいやるびっち (Haruhisky)""]","{""canonical_author"":""haruhisky"",""matched_tokens"":[""Haruhisky""],""rule"":""PARENTHESIZED_OFFICIAL_TOKEN""}","[""haruhisky""]","[""WORK_00001"",""WORK_00068"",""WORK_00799"",""WORK_02582"",""WORK_02583""]","{""chinese"":null,""color"":true,""sample"":null,""translation"":""unknown"",""uncensored"":null}","{""allowDownload"":true,""categories"":[""同人"",""長篇"",""全彩"",""CG雜圖""],""chineseTeam"":"""",""created_at"":""2022-08-06T15:33:21.014Z"",""description"":""我看站内只有几话，我来补一下DL版的吧目前能找到的是1-13  这老师也是狼灭啊硬是画了十多本，而且每话的页数还越来越多"",""epsCount"":17,""finished"":true,""pagesCount"":768,""tags"":[""全彩"",""涼宮春日系列"",""COSPLAY"",""兔女娘"",""獸耳"",""泳裝"",""學校泳裝 / 死庫水"",""啦啦隊"",""口交"",""長筒絲襪"",""連褲絲襪"",""巫女"",""巨乳"",""短髮"",""黑長直"",""校服"",""緊身衣"",""制服""],""updated_at"":""2022-08-07T14:38:43.459Z""}","6f8fd585c4eaed09bf3a34f8c57511ed0d412c639a359a7a6221819e1eb05c23","aae8ee2bbccdc63d734f83cd842e86641b1508d7a897f054f019c232223e6b47","2026-09-05T23:36:28.382825318+00:00","2026-09-05T23:36:28.382825318+00:00","2026-09-05T23:36:28.382825318+00:00","REVIEW_REQUIRED"
"REVIEW_1e6ed195534bee59b8be","REVIEW_REQUIRED","UNRESOLVED_TITLE_IDENTITY","jm","1112225","jm:1112225","[Haruhisky] マイクロビキニハルヒさん","[""Haruhisky""]","{""canonical_author"":""haruhisky"",""matched_tokens"":[""Haruhisky""],""rule"":""DIRECT_NORMALIZED""}","[""haruhisky""]","[""WORK_00001"",""WORK_00068"",""WORK_00799"",""WORK_02582"",""WORK_02583""]","{""chinese"":true,""color"":null,""sample"":null,""translation"":""unknown"",""uncensored"":null}","{""actors"":[""涼宮春日""],""addtime"":""1742796289"",""description"":""[Haruhisky] Micro Bikini Haruhi（Chinese）"",""series"":[],""series_id"":""0"",""tags"":[""巨乳"",""泳裝"",""制服"",""中出"",""中文""],""total_photos"":10,""works"":[""涼宮春日的憂鬱""]}","0353b4741eeadbce9d3804141b4bd7688d912343555e07414acf66bb32ecf126","a70ff07abfc95618d980eabf98b2e05020cb62ee19a381a5317191c8fda3ea69","2026-09-05T23:36:28.382825318+00:00","2026-09-05T23:36:28.382825318+00:00","2026-09-05T23:36:28.382825318+00:00","REVIEW_REQUIRED"
"REVIEW_1eee537059c5d8326b4a","REVIEW_REQUIRED","UNRESOLVED_TITLE_IDENTITY","jm","616184","jm:616184","(C104) [HoneyRoad (Bee導師)] 配達バニーガールとサービスえっち (オリジナル) [DL版]","[""Bee導師""]","{""canonical_author"":""Bee導師"",""matched_tokens"":[""Bee導師""],""rule"":""DIRECT_EXACT""}","[""Bee導師""]","[""WORK_01172"",""WORK_01173"",""WORK_01175""]","{""chinese"":null,""color"":null,""sample"":null,""translation"":""unknown"",""uncensored"":null}","{""actors"":[],""addtime"":""1723534326"",""description"":"""",""series"":[],""series_id"":""0"",""tags"":[""C104"",""劇情向"",""兔女郎"",""過膝襪"",""日文""],""total_photos"":28,""works"":[]}","4d58ee6bd9fea9f89c28a68dbe3521f0d1f06f0900b859eaa80f2a8c9815b942","60eb2ab83409956c962bdee2f715a856758eb0eaacbd469995566f3ccfd54bca","2026-09-05T23:36:28.382825318+00:00","2026-09-05T23:36:28.382825318+00:00","2026-09-05T23:36:28.382825318+00:00","REVIEW_REQUIRED"
"REVIEW_1f5a77f2048c311c02bc","REVIEW_REQUIRED","UNRESOLVED_TITLE_IDENTITY","jm","302447","jm:302447","(C99) [HoneyRoad (Bee導師)] 配達バニーガール [DL版]","[""Bee導師""]","{""canonical_author"":""Bee導師"",""matched_tokens"":[""Bee導師""],""rule"":""DIRECT_EXACT""}","[""Bee導師""]","[""WORK_01172"",""WORK_01173"",""WORK_01175""]","{""chinese"":null,""color"":null,""sample"":null,""translation"":""unknown"",""uncensored"":null}","{""actors"":[],""addtime"":""1641450922"",""description"":"""",""series"":[],""series_id"":""0"",""tags"":[""C99"",""日文""],""total_photos"":17,""works"":[]}","2e71ae82b0872e03982464002dc31b4dc66f14d54e47f6f03057524ce813965b","56cd4a7dc99a5ecde0b309beee4a8fd1cf605c2635ce4a256f2f6a1fa9567b85","2026-09-05T23:36:28.382825318+00:00","2026-09-05T23:36:28.382825318+00:00","2026-09-05T23:36:28.382825318+00:00","REVIEW_REQUIRED"
"REVIEW_1f833daab4a265564b62","REVIEW_REQUIRED","UNRESOLVED_TITLE_IDENTITY","pica","694ab21368ff321b09ca140d","pica:694ab21368ff321b09ca140d","深夜の無人駅で巨乳家出JK拾った","[""一億万軒茶屋 (2-G)""]","{""canonical_author"":""2-G"",""matched_tokens"":[""2-G""],""rule"":""PARENTHESIZED_OFFICIAL_TOKEN""}","[""2-G""]","[""WORK_02657""]","{""chinese"":null,""color"":null,""sample"":null,""translation"":""unknown"",""uncensored"":null}","{""allowDownload"":true,""categories"":[""短篇""],""chineseTeam"":"""",""created_at"":""2025-12-23T09:30:07.297Z"",""description"":"""",""epsCount"":1,""finished"":true,""pagesCount"":15,""tags"":[""巨乳"",""短髮"",""女高中生(JK) "",""翹家女"",""口交"",""乳交""],""updated_at"":""2025-12-23T15:15:31.606Z""}","75019f630e35f3597eceea5e52c692c78fe458518788c46dbc1fc63600b44ed4","d63d115cac865c9c47960cd6a60804c62c0df62f3f5268becdd7ae59d214dfd0","2026-09-05T23:36:28.382825318+00:00","2026-09-05T23:36:28.382825318+00:00","2026-09-05T23:36:28.382825318+00:00","REVIEW_REQUIRED"
"REVIEW_2383f88e40f0fa294681","REVIEW_REQUIRED","UNRESOLVED_TITLE_IDENTITY","pica","630b00ce1a5a322a28b0849f","pica:630b00ce1a5a322a28b0849f"," アイの中に閉じ込めた (アズールレーン) [中国翻訳] [DL版]","[""3104丁目 (3104)""]","{""canonical_author"":""3104"",""matched_tokens"":[""3104""],""rule"":""PARENTHESIZED_OFFICIAL_TOKEN""}","[""3104""]","[""WORK_00097"",""WORK_00098""]","{""chinese"":null,""color"":null,""sample"":null,""translation"":""unknown"",""uncensored"":null}","{""allowDownload"":true,""categories"":[""短篇"",""同人"",""NTR""],""chineseTeam"":""尼特子个人汉化"",""created_at"":""2022-08-27T22:03:01.324Z"",""description"":""NTR"",""epsCount"":1,""finished"":true,""pagesCount"":46,""tags"":[""巨乳"",""乳交"",""碧藍航線"",""NTR"",""阿嘿顏"",""中出"",""蹦壞臉"",""調教"",""榨精""],""updated_at"":""2022-08-28T05:44:46.641Z""}","3af113bf28837ae366aada73fb353cd1407be6f8fb1feedf50772ee6a046a68c","4f6f8d8469b48b7fbdcab6d2fcca2569a44f82959081e156bdba9e968eb0ee60","2026-09-05T23:36:28.382825318+00:00","2026-09-05T23:36:28.382825318+00:00","2026-09-05T23:36:28.382825318+00:00","REVIEW_REQUIRED"
"REVIEW_263d2f190e4ee3719284","REVIEW_REQUIRED","UNCONFIRMED_AUTHOR","jm","1137287","jm:1137287","(COMIC1☆15) [ろいやるびっち (haruhisky)] 師匠を孕ませるまででられないシミュレーター (FateGrand Order)","[""ろいやるびっち"",""(haruhisky)""]","{""canonical_author"":null,""matched_tokens"":[],""rule"":""MULTIPLE_RAW_AUTHOR_FIELDS""}","[""haruhisky""]","[]","{""chinese"":null,""color"":null,""sample"":null,""translation"":""unknown"",""uncensored"":null}","{""actors"":[],""addtime"":""1559680672"",""description"":"""",""series"":[],""series_id"":""0"",""tags"":[""FGO"",""ろいやるびっち"",""haruhisky"",""師匠"",""fategrand"",""order""],""total_photos"":26,""works"":[]}","7f36c661a7e0d2c845b6f22cb73b312a41e7f0b7220a4c7cf761b16a2859b2b6","f004982ed8b18491bafe09fd1ecd5b66a11552f9fd836c05df9e098a4990e36c","2026-09-05T23:36:28.382825318+00:00","2026-09-05T23:36:28.382825318+00:00","2026-09-05T23:36:28.382825318+00:00","REVIEW_REQUIRED"
"REVIEW_27b1bf7ea9a05fe0b1aa","REVIEW_REQUIRED","UNRESOLVED_TITLE_IDENTITY","pica","66feae276fa62d5284be89a9","pica:66feae276fa62d5284be89a9"," 妻が他人の雌になるま裏 [中国翻訳] [DL版]","[""ろいやるびっち (haruhisky)""]","{""canonical_author"":""haruhisky"",""matched_tokens"":[""haruhisky""],""rule"":""PARENTHESIZED_OFFICIAL_TOKEN""}","[""haruhisky""]","[""WORK_00001"",""WORK_00068"",""WORK_00799"",""WORK_02582"",""WORK_02583""]","{""chinese"":null,""color"":null,""sample"":null,""translation"":""unknown"",""uncensored"":null}","{""allowDownload"":true,""categories"":[""長篇"",""NTR"",""人妻""],""chineseTeam"":""空気系☆漢化"",""created_at"":""2024-10-02T09:00:38.051Z"",""description"":""☆每次看haruhisky老師的本子，都是對三觀的一次強姦，總有一種“雖然我不太懂女主的腦迴路，但真的好厲害啊！”的感覺。而且每次讀完之後的那種殘念感到底是怎麼回事啊！\n\n☆不過老師筆下的肉體好用最重要！\n\n=====================================================================================================\n\n☆長期招募翻譯和鑲字中！歡迎各種有熱情的新人和兼職！！本組為無償漢化組！！！☆\n"",""epsCount"":1,""finished"":true,""pagesCount"":65,""tags"":[""巨乳"",""人妻"",""NTR""],""updated_at"":""2024-10-03T14:45:59.610Z""}","f92f2e0afe212ecbed60286ac1ca04b2a28fb5a41378254c494393941b76c3cd","78fd47d5df0c8e38dfe67ce7173192a0e85a493a7745a1da76f267339b2fd17d","2026-09-05T23:36:28.382825318+00:00","2026-09-05T23:36:28.382825318+00:00","2026-09-05T23:36:28.382825318+00:00","REVIEW_REQUIRED"
"REVIEW_281cc44da1c53af36199","REVIEW_REQUIRED","UNRESOLVED_TITLE_IDENTITY","jm","532019","jm:532019","(C103)[ろいやるびっち (haruhisky)] みょーちゃん先生かくパコりき (みょーちゃん先生はかく語りき) [DL版]","[""haruhisky""]","{""canonical_author"":""haruhisky"",""matched_tokens"":[""haruhisky""],""rule"":""DIRECT_EXACT""}","[""haruhisky""]","[""WORK_00001"",""WORK_00068"",""WORK_00799"",""WORK_02582"",""WORK_02583""]","{""chinese"":null,""color"":null,""sample"":null,""translation"":""unknown"",""uncensored"":null}","{""actors"":[],""addtime"":""1705465910"",""description"":"""",""series"":[],""series_id"":""0"",""tags"":[""C103"",""巨乳"",""出軌"",""項圈"",""緊身胸衣"",""露出"",""吊帶襪"",""群交"",""手淫"",""後宮"",""內衣"",""女僕"",""中出"",""乳交"",""過膝襪"",""教師"",""透視"",""日文""],""total_photos"":36,""works"":[]}","d55ba044ba530210689d6f52382dc4f078c1f917cc1f2e2064ac289c971d1a56","74404c3faeef8f6df2236147928caf6bc33174c870c5635f7b37fce58b67e87a","2026-09-05T23:36:28.382825318+00:00","2026-09-05T23:36:28.382825318+00:00","2026-09-05T23:36:28.382825318+00:00","REVIEW_REQUIRED"
"REVIEW_287a45fb5524966fdd3f","REVIEW_REQUIRED","UNRESOLVED_TITLE_IDENTITY","jm","482816","jm:482816","(C102) [ろいやるびっち (haruhisky)] 妻が、他人の雌になるまで―ショートカット巨乳妻・佐々木美咲編― (オリジナル) [DL版]","[""haruhisky""]","{""canonical_author"":""haruhisky"",""matched_tokens"":[""haruhisky""],""rule"":""DIRECT_EXACT""}","[""haruhisky""]","[""WORK_00001"",""WORK_00068"",""WORK_00799"",""WORK_02582"",""WORK_02583""]","{""chinese"":true,""color"":null,""sample"":null,""translation"":""unknown"",""uncensored"":null}","{""actors"":[],""addtime"":""1692987406"",""description"":"""",""series"":[],""series_id"":""0"",""tags"":[""C102"",""巨乳"",""中出"",""熟女"",""性玩具"",""交換伴侶"",""劇情向"",""中文""],""total_photos"":90,""works"":[]}","82632b42fa2b2bbbe86646b349582cf1b41321d14318cf6302ba030a1f47c0af","81bb97d8f12d4f54b0075ac4358d36652fcb2c71679021210bc19d46e2c4b6cb","2026-09-05T23:36:28.382825318+00:00","2026-09-05T23:36:28.382825318+00:00","2026-09-05T23:36:28.382825318+00:00","REVIEW_REQUIRED"
"REVIEW_2b0ae642152ee94863a4","REVIEW_REQUIRED","UNRESOLVED_TITLE_IDENTITY","pica","59a3eb39901a9659dfad5fe9","pica:59a3eb39901a9659dfad5fe9","（C80）２年G組１学期!! (バカとテストと召喚獣/笨蛋测验召唤兽)","[""ちまた (2-G)""]","{""canonical_author"":""2-G"",""matched_tokens"":[""2-G""],""rule"":""PARENTHESIZED_OFFICIAL_TOKEN""}","[""2-G""]","[""WORK_02657""]","{""chinese"":null,""color"":null,""sample"":null,""translation"":""unknown"",""uncensored"":null}","{""allowDownload"":true,""categories"":[""同人"",""短篇"",""後宮閃光"",""非人類""],""chineseTeam"":""空気系★汉化"",""created_at"":""2017-08-28T04:02:52.519Z"",""description"":""FFFFFF~！（后面那个乌贼娘什么的，认真你就输啦~）"",""epsCount"":1,""finished"":true,""pagesCount"":23,""tags"":[""巨乳"",""乳交"",""貧乳"",""C80"",""笨蛋·測驗·召喚獸"",""笨蛋·測驗·召喚獸: 瑞希"",""笨蛋·測驗·召喚獸: 美波"",""中出"",""後宮""],""updated_at"":""2017-08-28T10:06:49.925Z""}","a0c7acef956618ffc4119ab3ab977070ab98b97327849825a8213595b6ec9be7","f12026c4ac4b37a9a1f402ba909cb92f43324384ca66dc7068c95c6dc99337cd","2026-09-05T23:36:28.382825318+00:00","2026-09-05T23:36:28.382825318+00:00","2026-09-05T23:36:28.382825318+00:00","REVIEW_REQUIRED"
"REVIEW_2bb86750e23ebd1f7bfe","REVIEW_REQUIRED","UNRESOLVED_TITLE_IDENTITY","pica","5e588a571415be3c4cb6caab","pica:5e588a571415be3c4cb6caab","散ルアウト (アイドルマスター シャイニーカラーズ) [中国翻訳] [DL版]","[""3104丁目 (3104)""]","{""canonical_author"":""3104"",""matched_tokens"":[""3104""],""rule"":""PARENTHESIZED_OFFICIAL_TOKEN""}","[""3104""]","[""WORK_00097"",""WORK_00098""]","{""chinese"":null,""color"":null,""sample"":null,""translation"":""unknown"",""uncensored"":null}","{""allowDownload"":true,""categories"":[""短篇"",""同人"",""NTR""],""chineseTeam"":""不明（个人汉化），超勇汉化组"",""created_at"":""2020-02-28T01:21:22.854Z"",""description"":""简单剧情，代匿名上传"",""epsCount"":2,""finished"":true,""pagesCount"":52,""tags"":[""C96"",""偶像大師"",""巨乳"",""野外 / 露出"",""調教"",""NTR"",""COSPLAY"",""中出"",""蹦壞臉"",""橫切面""],""updated_at"":""2020-03-01T01:15:13.676Z""}","9881cb49c2841f0a55fc9ea4607ef2ceac52ef4d8f3ed6b0500af6c9067fb10e","c9c38a888cc12c602cc99d4ce1fa90981c19470af6abc67d25a3068e6e2c0510","2026-09-05T23:36:28.382825318+00:00","2026-09-05T23:36:28.382825318+00:00","2026-09-05T23:36:28.382825318+00:00","REVIEW_REQUIRED"
"REVIEW_2c23bc8cc01fd763b472","REVIEW_REQUIRED","UNRESOLVED_TITLE_IDENTITY","pica","5eb166f2d1c6403f668390ed","pica:5eb166f2d1c6403f668390ed","はるこす10","[""ろいやるびっち (haruhisky)""]","{""canonical_author"":""haruhisky"",""matched_tokens"":[""haruhisky""],""rule"":""PARENTHESIZED_OFFICIAL_TOKEN""}","[""haruhisky""]","[""WORK_00001"",""WORK_00068"",""WORK_00799"",""WORK_02582"",""WORK_02583""]","{""chinese"":null,""color"":true,""sample"":null,""translation"":""unknown"",""uncensored"":null}","{""allowDownload"":true,""categories"":[""全彩"",""短篇"",""同人"",""CG雜圖""],""chineseTeam"":"""",""created_at"":""2020-05-04T11:57:51.806Z"",""description"":""我的天 这个老师也是个狼灭"",""epsCount"":1,""finished"":false,""pagesCount"":24,""tags"":[""C97"",""涼宮春日系列"",""全彩"",""兔女娘"",""口交"",""調教"",""道具"",""性玩具"",""柔軟體質 / 體操"",""校服"",""巨乳"",""騎乗"",""浴室"",""情趣內衣"",""馬尾"",""中出"",""護士"",""獸耳娘"",""角色扮演"",""水手服\r""],""updated_at"":""2020-05-05T13:15:30.389Z""}","a6bf85272042bb2f31d55d76142a56ce8d41fb47e3c5f20d121980f15486658c","e60736c12b2b61d0c68f0565c8f164e3f1a8c8b616af597136e6b26b6c8f4444","2026-09-05T23:36:28.382825318+00:00","2026-09-05T23:36:28.382825318+00:00","2026-09-05T23:36:28.382825318+00:00","REVIEW_REQUIRED"
"REVIEW_2cc4eb549d80768dc9f0","REVIEW_REQUIRED","UNRESOLVED_TITLE_IDENTITY","jm","413564","jm:413564","[haruhisky] バニー風俗のハルヒさん【ラフ】 (涼宮ハルヒの憂鬱)","[""haruhisky""]","{""canonical_author"":""haruhisky"",""matched_tokens"":[""haruhisky""],""rule"":""DIRECT_EXACT""}","[""haruhisky""]","[""WORK_00001"",""WORK_00068"",""WORK_00799"",""WORK_02582"",""WORK_02583""]","{""chinese"":null,""color"":null,""sample"":null,""translation"":""unknown"",""uncensored"":null}","{""actors"":[""涼宮春日""],""addtime"":""1673580302"",""description"":""https://www.patreon.com/haruhisky\r\nhttps://www.fanbox.cc/@haruhisky\r\nhttps://fantia.jp/fanclubs/2717\r\nhttps://haruhisky.com/\r\nhttps://www.pixiv.net/users/4956073\r\nhttps://twitter.com/haruhisky1"",""series"":[],""series_id"":""0"",""tags"":[""巨乳"",""兔女郎"",""連褲襪"",""透視"",""中出"",""日文""],""total_photos"":28,""works"":[""涼宮ハルヒの憂鬱""]}","f5616b64f2db0a2f57e2c25fbe276fd44e067af106de57aefe8993e06d9a093e","2277a139eac46bb39d5ee042092a4477532112d44c79ec8fe4f6abcc16d07bde","2026-09-05T23:36:28.382825318+00:00","2026-09-05T23:36:28.382825318+00:00","2026-09-05T23:36:28.382825318+00:00","REVIEW_REQUIRED"
"REVIEW_2fbf74dccbaa3f68a9c5","REVIEW_REQUIRED","UNRESOLVED_TITLE_IDENTITY","jm","148465","jm:148465","[灰羽社漢化] (C88) [ろいやるびっち (haruhisky)] くーねるすまた2 (くーねるまるた)","[""haruhisky""]","{""canonical_author"":""haruhisky"",""matched_tokens"":[""haruhisky""],""rule"":""DIRECT_EXACT""}","[""haruhisky""]","[""WORK_00001"",""WORK_00068"",""WORK_00799"",""WORK_02582"",""WORK_02583""]","{""chinese"":true,""color"":null,""sample"":null,""translation"":""unknown"",""uncensored"":null}","{""actors"":[],""addtime"":""1578717239"",""description"":"""",""series"":[],""series_id"":""0"",""tags"":[""群交"",""中文""],""total_photos"":25,""works"":[]}","6ee0b95b991748837a48d94491e7a373dc890ad92f4279832ee969067e6938fb","c108e6da1b1e6b67243819a322655671d29f22a5309369bc09df27502f3df5e5","2026-09-05T23:36:28.382825318+00:00","2026-09-05T23:36:28.382825318+00:00","2026-09-05T23:36:28.382825318+00:00","REVIEW_REQUIRED"
"REVIEW_301d15761f0bd32370d3","REVIEW_REQUIRED","UNRESOLVED_TITLE_IDENTITY","jm","611605","jm:611605","[HoneyRoad (Bee導師)] アリサII 外傳おまけ本 BAD後日談編[","[""Bee導師""]","{""canonical_author"":""Bee導師"",""matched_tokens"":[""Bee導師""],""rule"":""DIRECT_EXACT""}","[""Bee導師""]","[""WORK_01172"",""WORK_01173"",""WORK_01175""]","{""chinese"":true,""color"":null,""sample"":null,""translation"":""unknown"",""uncensored"":null}","{""actors"":[],""addtime"":""1722846092"",""description"":"""",""series"":[],""series_id"":""0"",""tags"":[""阿黑顏"",""肛交"",""巨乳"",""身體改造"",""束縛"",""吊帶襪"",""手套"",""淩辱"",""中出"",""強暴"",""性玩具"",""奴隸"",""過膝襪"",""長筒靴"",""劇情向"",""中文""],""total_photos"":30,""works"":[]}","b43573cda9d42b7d17a71a3f6e27462e1c333b0400cdafd41f7f9b2bd645854f","2dfefd9bb539a4a56adf0c6b214c380c662675270e4b93a2331620352642d7c8","2026-09-05T23:36:28.382825318+00:00","2026-09-05T23:36:28.382825318+00:00","2026-09-05T23:36:28.382825318+00:00","REVIEW_REQUIRED"
"REVIEW_3150599295a4688e53ef","REVIEW_REQUIRED","UNRESOLVED_TITLE_IDENTITY","jm","203756","jm:203756","[真の叡智個人漢化] (C97) [ろいやるびっち (haruhisky)] 姉は親父に抱かれてる","[""haruhisky""]","{""canonical_author"":""haruhisky"",""matched_tokens"":[""haruhisky""],""rule"":""DIRECT_EXACT""}","[""haruhisky""]","[""WORK_00001"",""WORK_00068"",""WORK_00799"",""WORK_02582"",""WORK_02583""]","{""chinese"":true,""color"":null,""sample"":null,""translation"":""unknown"",""uncensored"":true}","{""actors"":[],""addtime"":""1632897649"",""description"":""補上特典"",""series"":[],""series_id"":""0"",""tags"":[""無修正"",""亂倫"",""父女"",""露出"",""巨乳"",""校服"",""中文"",""C97""],""total_photos"":54,""works"":[""姉は親父に抱かれてる""]}","3e6db2d5a8ca1de5f78535647ea0757e956647a29d8c7db1d5855fc8a863ade9","146dc5c9189192a3b908a749d7fa8bdc486cc032870a8b4edf70ca5264ea4ff5","2026-09-05T23:36:28.382825318+00:00","2026-09-05T23:36:28.382825318+00:00","2026-09-05T23:36:28.382825318+00:00","REVIEW_REQUIRED"
"REVIEW_32a1e8d13443cf323cea","REVIEW_REQUIRED","UNRESOLVED_TITLE_IDENTITY","jm","1466136","jm:1466136","(C108) [ろいやるびっち (haruhisky)] ゴブリンたちの雌になるまで ランサーアルトリア編 (Fate/Grand Order)","[""haruhisky""]","{""canonical_author"":""haruhisky"",""matched_tokens"":[""haruhisky""],""rule"":""DIRECT_EXACT""}","[""haruhisky""]","[""WORK_00001"",""WORK_00068"",""WORK_00799"",""WORK_02582"",""WORK_02583""]","{""chinese"":null,""color"":null,""sample"":null,""translation"":""unknown"",""uncensored"":null}","{""actors"":[""阿爾托莉雅·潘德拉貢""],""addtime"":""1787844435"",""description"":""(C108) [Royal Bitch (haruhisky)] Goblin-tachi no Mesu ni Naru made Lancer Artoria Hen (Fate/Grand Order)"",""series"":[],""series_id"":""0"",""tags"":[""C108"",""巨乳"",""哥布林"",""群交"",""中出"",""日文""],""total_photos"":120,""works"":[""FGO"",""Fate/GrandOrder"",""命運/冠位指定""]}","e11da3d955153687b972310868959870960ef6a99e3020971681bdccdf0761cf","d7dcc53b2e19cd185306aa4eaa0ab60e94b7dca8e0c67dca5a5df191cebb3bda","2026-09-05T23:36:28.382825318+00:00","2026-09-05T23:36:28.382825318+00:00","2026-09-05T23:36:28.382825318+00:00","REVIEW_REQUIRED"
"REVIEW_32cc6a535e13d3777d4e","REVIEW_REQUIRED","UNRESOLVED_TITLE_IDENTITY","jm","480262","jm:480262","(C102) [ろいやるびっち (haruhisky)] 妻が、他人の雌になるまで―ショートカット巨乳妻・佐々木美咲編― (オリジナル) [DL版]","[""haruhisky""]","{""canonical_author"":""haruhisky"",""matched_tokens"":[""haruhisky""],""rule"":""DIRECT_EXACT""}","[""haruhisky""]","[""WORK_00001"",""WORK_00068"",""WORK_00799"",""WORK_02582"",""WORK_02583""]","{""chinese"":null,""color"":null,""sample"":null,""translation"":""unknown"",""uncensored"":null}","{""actors"":[],""addtime"":""1692285160"",""description"":"""",""series"":[],""series_id"":""0"",""tags"":[""C102"",""劇情向"",""阿黑顏"",""肛交"",""巨尻"",""巨乳"",""口交"",""短褲"",""中出"",""熟女"",""懷孕"",""性玩具"",""交換伴侶"",""日文""],""total_photos"":83,""works"":[]}","6f2a5115bc3603dc4f3a23ef00fa54412747e72c4054f83e45e97c152f175f0a","7438bf54af1b78f52c9747a6b7f1663c8a5a7231b3db9b088adbcae68496ae95","2026-09-05T23:36:28.382825318+00:00","2026-09-05T23:36:28.382825318+00:00","2026-09-05T23:36:28.382825318+00:00","REVIEW_REQUIRED"
"REVIEW_330a66fc28c0a2845932","REVIEW_REQUIRED","UNCONFIRMED_AUTHOR","jm","101745","jm:101745","[Hello Girls!(10驛)][噓つき眠り姫](少女前線)","[""Hello"",""Girls!(10駅)""]","{""canonical_author"":null,""matched_tokens"":[],""rule"":""MULTIPLE_RAW_AUTHOR_FIELDS""}","[""10驛""]","[]","{""chinese"":null,""color"":null,""sample"":null,""translation"":""unknown"",""uncensored"":null}","{""actors"":[],""addtime"":""1554754677"",""description"":""屏幕臟了漢化組"",""series"":[],""series_id"":""0"",""tags"":[""Hello"",""Girls!"",""巨乳"",""純愛"",""少女前線""],""total_photos"":27,""works"":[]}","140aa9d821db128242968e2053d21fc95a9143bc1ac313da2936cef25dff5c52","0133984bc761626e272804c36ed8e0ff9f7e4332f9d69d2d951018f8cd5afb41","2026-09-05T23:36:28.382825318+00:00","2026-09-05T23:36:28.382825318+00:00","2026-09-05T23:36:28.382825318+00:00","REVIEW_REQUIRED"
"REVIEW_33192c392f4567650824","REVIEW_REQUIRED","UNRESOLVED_TITLE_IDENTITY","jm","1219492","jm:1219492","[一億萬軒茶屋(2-G)]マチアプ女にハメられて連續射精でチンポぶっ壊れるまで搾り儘くされた [中國翻譯][DL版]","[""2-G""]","{""canonical_author"":""2-G"",""matched_tokens"":[""2-G""],""rule"":""DIRECT_EXACT""}","[""2-G""]","[""WORK_02657""]","{""chinese"":true,""color"":null,""sample"":null,""translation"":""unknown"",""uncensored"":null}","{""actors"":[],""addtime"":""1759116864"",""description"":""[Ichiokumangenjaya (2-G)] Matching App onna ni hamerarete renzoku shasei de chinpo bukkowareru made shiboritsukusareta [Chinese][Digital]"",""series"":[],""series_id"":""0"",""tags"":[""巨乳"",""女性支配"",""中文""],""total_photos"":25,""works"":[]}","d62c230b6975588a427701ba3b54d32c913ce2a7aedd9ab5d65ba28c787f18e0","e9fbd5e946b69d04ac6706246cdca431e5ed9f743939a8fe5abbab8b3f2c91dd","2026-09-05T23:36:28.382825318+00:00","2026-09-05T23:36:28.382825318+00:00","2026-09-05T23:36:28.382825318+00:00","REVIEW_REQUIRED"
"REVIEW_338ebe9ef667c9e34f49","REVIEW_REQUIRED","UNRESOLVED_TITLE_IDENTITY","jm","164341","jm:164341","[3104丁目 (3104)] 散ルアウト (アイドルマスター シャイニーカラーズ) [中國翻譯] [DL版]","[""3104""]","{""canonical_author"":""3104"",""matched_tokens"":[""3104""],""rule"":""DIRECT_EXACT""}","[""3104""]","[""WORK_00097"",""WORK_00098""]","{""chinese"":true,""color"":null,""sample"":null,""translation"":""unknown"",""uncensored"":null}","{""actors"":[],""addtime"":""1582886737"",""description"":"""",""series"":[],""series_id"":""0"",""tags"":[""巨乳"",""NTR"",""性勒索"",""手套"",""長筒靴"",""馬尾"",""中文""],""total_photos"":25,""works"":[""アイドルマスター"",""シャイニーカラーズ""]}","3c8bcc1b20c0441e9d449aaa2b55f3dcab09ab4865ea655951150a04684175ea","0e26e9e77003b08bcf651b7f4ddbd7f7c247338758341548eceed4111240ccaa","2026-09-05T23:36:28.382825318+00:00","2026-09-05T23:36:28.382825318+00:00","2026-09-05T23:36:28.382825318+00:00","REVIEW_REQUIRED"
"REVIEW_36b7d9374b0463cab94c","REVIEW_REQUIRED","UNRESOLVED_TITLE_IDENTITY","pica","5e5083953abef73c5b51cfb9","pica:5e5083953abef73c5b51cfb9","なまはめトライ!","[""ろいやるびっち (haruhisky)""]","{""canonical_author"":""haruhisky"",""matched_tokens"":[""haruhisky""],""rule"":""PARENTHESIZED_OFFICIAL_TOKEN""}","[""haruhisky""]","[""WORK_00001"",""WORK_00068"",""WORK_00799"",""WORK_02582"",""WORK_02583""]","{""chinese"":null,""color"":null,""sample"":null,""translation"":""unknown"",""uncensored"":null}","{""allowDownload"":true,""categories"":[""短篇"",""同人"",""生肉"",""英語 ENG""],""chineseTeam"":"""",""created_at"":""2020-02-20T11:15:05.162Z"",""description"":""刚大木本"",""epsCount"":2,""finished"":false,""pagesCount"":50,""tags"":[""鋼彈創鬥者TRY"",""拘束"",""3P"",""口交"",""騎乗"",""中出"",""橫切面"",""C87""],""updated_at"":""2023-01-30T09:43:38.885Z""}","28d9308ae3814ddfb85cc3282beed5e2699817cdc01cd9adddef58f21562870e","ca6782c8b04a761733ab6174d5a0d14bbbd4ceebf2404d01ab0ab00fa00b48a2","2026-09-05T23:36:28.382825318+00:00","2026-09-05T23:36:28.382825318+00:00","2026-09-05T23:36:28.382825318+00:00","REVIEW_REQUIRED"
"REVIEW_37a8db24531532bc10fa","REVIEW_REQUIRED","UNRESOLVED_TITLE_IDENTITY","jm","1445392","jm:1445392","[Amerins漢化] [一億萬軒茶屋(2-G)] マチアプ女にハメられて連續射精でチンポぶっ壊れるまで搾り儘くされた カラー版 [中國翻譯]","[""2-G""]","{""canonical_author"":""2-G"",""matched_tokens"":[""2-G""],""rule"":""DIRECT_EXACT""}","[""2-G""]","[""WORK_02657""]","{""chinese"":true,""color"":true,""sample"":null,""translation"":""unknown"",""uncensored"":null}","{""actors"":[],""addtime"":""1780989209"",""description"":""[Ichiokumangenjaya (2-G)] MatchApp Onna ni Hamerarete Renzoku Shasei de Chinpo Bukkowareru made Shiboritsukusareta Color Ban [Chinese]"",""series"":[],""series_id"":""0"",""tags"":[""巨乳"",""女性支配"",""中出"",""乳交"",""全彩"",""中文""],""total_photos"":25,""works"":[]}","e26fea9ac923e6dbb2ec30d2d1f0a79929a7e5144a889b950e0b5bdfdff95770","f2dcac01837643edc11d512587e3d83b6190e141694ffc7c251e03ef54decc95","2026-09-05T23:36:28.382825318+00:00","2026-09-05T23:36:28.382825318+00:00","2026-09-05T23:36:28.382825318+00:00","REVIEW_REQUIRED"
"REVIEW_37e5ac074188e3e03fbe","REVIEW_REQUIRED","UNRESOLVED_TITLE_IDENTITY","jm","1241833","jm:1241833","[空氣系☆漢化] [3104丁目 (3104)] 紫のショウメイ〜黒い夢中〜 [DL版]","[""3104""]","{""canonical_author"":""3104"",""matched_tokens"":[""3104""],""rule"":""DIRECT_EXACT""}","[""3104""]","[""WORK_00097"",""WORK_00098""]","{""chinese"":true,""color"":null,""sample"":null,""translation"":""unknown"",""uncensored"":null}","{""actors"":[],""addtime"":""1766974443"",""description"":"""",""series"":[],""series_id"":""0"",""tags"":[""巨乳"",""性勒索"",""辣妹"",""乳交"",""強姦"",""制服"",""避孕套"",""逆體格差"",""NTR"",""阿嘿顏"",""口交"",""豐滿"",""69"",""舔陰"",""指交"",""乳頭刺激"",""哺乳"",""潮吹"",""中文""],""total_photos"":49,""works"":[]}","7baf72b491a90edf2d20fa8a50f0993737486760d44ada69f8b3964e5129982e","890d88f388101ba6fc7d54f83e31cc62ad8c29a251a0b1b1743c1b1f84ea9475","2026-09-05T23:36:28.382825318+00:00","2026-09-05T23:36:28.382825318+00:00","2026-09-05T23:36:28.382825318+00:00","REVIEW_REQUIRED"
"REVIEW_3bdfa2c5d3b588e182ec","REVIEW_REQUIRED","UNRESOLVED_TITLE_IDENTITY","jm","1216029","jm:1216029","與兔女郎配送員的特殊服務做愛 [白楊漢化組] (C106) [HoneyRoad (Bee導師)] 配達バニーガールとサービスえっち3 [中國翻譯] [DL版]","[""Bee導師""]","{""canonical_author"":""Bee導師"",""matched_tokens"":[""Bee導師""],""rule"":""DIRECT_EXACT""}","[""Bee導師""]","[""WORK_01172"",""WORK_01173"",""WORK_01175""]","{""chinese"":true,""color"":null,""sample"":null,""translation"":""unknown"",""uncensored"":null}","{""actors"":[],""addtime"":""1758272965"",""description"":""(C106) [HoneyRoad (Bee Doushi)] Haitatsu Bunny Girl to Service Ecchi 3 - Delivery Bunny Girl [Chinese] [Digital]"",""series"":[],""series_id"":""0"",""tags"":[""C106"",""劇情向"",""兔女郎"",""獸耳"",""連體衣"",""過膝襪"",""接吻"",""中出"",""中文""],""total_photos"":29,""works"":[]}","833405f150b14d0d1eec59f0ba6bc69009eaf63084a6c4be683ed59ca9b5f495","37f5f5f77d1b0bc503aada273ce778dfb18b91c9ba604fc974791a05b450718f","2026-09-05T23:36:28.382825318+00:00","2026-09-05T23:36:28.382825318+00:00","2026-09-05T23:36:28.382825318+00:00","REVIEW_REQUIRED"
"REVIEW_3d9f70410942ef39cf22","REVIEW_REQUIRED","UNRESOLVED_TITLE_IDENTITY","pica","6994a06ca899c7764382b596","pica:6994a06ca899c7764382b596"," 配達バニーガールとサービスえっち4 [中国翻訳] [DL版]","[""HoneyRoad (Bee導師)""]","{""canonical_author"":""Bee導師"",""matched_tokens"":[""Bee導師""],""rule"":""PARENTHESIZED_OFFICIAL_TOKEN""}","[""Bee導師""]","[""WORK_01172"",""WORK_01173"",""WORK_01175""]","{""chinese"":null,""color"":null,""sample"":null,""translation"":""unknown"",""uncensored"":null}","{""allowDownload"":true,""categories"":[""短篇""],""chineseTeam"":""空気系☆漢化"",""created_at"":""2026-02-16T12:49:08.598Z"",""description"":""☆各位春節快樂！祝大家今年點外賣也能遇到肉償的美少女兔女郎外賣員~\n\n=====================================================================================================\n\n☆緊急招募翻譯和嵌字！！\n再沒人來，組快倒閉了！！"",""epsCount"":1,""finished"":true,""pagesCount"":28,""tags"":[""巨乳"",""雙馬尾"",""兔女娘""],""updated_at"":""2026-02-17T17:07:56.531Z""}","67e93afc72a2890c537c246fc3d67d55a661a934c95cef40ff2fca64fe6b757a","6d7090db762f9f878a3d6dbee2f72bc2865c91ebb31ab83dcde017513333d111","2026-09-05T23:36:28.382825318+00:00","2026-09-05T23:36:28.382825318+00:00","2026-09-05T23:36:28.382825318+00:00","REVIEW_REQUIRED"
"REVIEW_3fdfac0475fd8150f937","REVIEW_REQUIRED","UNRESOLVED_TITLE_IDENTITY","pica","5fcb509202d92a101297f13c","pica:5fcb509202d92a101297f13c"," 居眠りネルソンにイタズラ (アズールレーン) [中国翻訳]","[""3104""]","{""canonical_author"":""3104"",""matched_tokens"":[""3104""],""rule"":""DIRECT_EXACT""}","[""3104""]","[""WORK_00097"",""WORK_00098""]","{""chinese"":null,""color"":true,""sample"":null,""translation"":""unknown"",""uncensored"":null}","{""allowDownload"":true,""categories"":[""短篇"",""同人"",""全彩"",""CG雜圖""],""chineseTeam"":""不咕鸟汉化组"",""created_at"":""2020-12-03T15:15:25.936Z"",""description"":""鸣谢金主 匿名绅士 出资汉化\n不咕鸟汉化组招新\n\n招募如下位置：\n日译：要求日语水平N1或者有大量汉化经验。（同时也招募韩译）\n\n注意，有入组考试，我们会通过考试内容来评估翻译能力是否满足我们的需求\n关于报酬，通过入组考试会由接待进行告知。\n\n同时也欢迎个人或组织与我们展开汉化合作\n以上皆联系接待qq"",""epsCount"":1,""finished"":true,""pagesCount"":13,""tags"":[""全彩"",""碧藍航線"",""巨乳"",""雙馬尾""],""updated_at"":""2020-12-05T09:19:14.254Z""}","49e9bca65779832a674316756e29f715974e60bf84b05aebb502051f83f4862e","f2ba8f503216384004c9e950c00bd1dbe62e48fb1308d57da845824135b9d3f4","2026-09-05T23:36:28.382825318+00:00","2026-09-05T23:36:28.382825318+00:00","2026-09-05T23:36:28.382825318+00:00","REVIEW_REQUIRED"
"REVIEW_411c9f728a698c44896d","REVIEW_REQUIRED","UNRESOLVED_TITLE_IDENTITY","jm","1127144","jm:1127144","[ろいやるびっち (haruhisky)] 妻が、他人の雌になるまで―ショートカット巨乳妻・佐々木美咲編― [中國翻譯] [無修正] [DL版]","[""haruhisky""]","{""canonical_author"":""haruhisky"",""matched_tokens"":[""haruhisky""],""rule"":""DIRECT_EXACT""}","[""haruhisky""]","[""WORK_00001"",""WORK_00068"",""WORK_00799"",""WORK_02582"",""WORK_02583""]","{""chinese"":true,""color"":null,""sample"":null,""translation"":""unknown"",""uncensored"":true}","{""actors"":[],""addtime"":""1744518480"",""description"":"""",""series"":[],""series_id"":""0"",""tags"":[""巨乳"",""中出"",""熟女"",""NTR"",""劇情向"",""中文""],""total_photos"":87,""works"":[]}","4590ae71d7d4a1dea9b04e8ab69d7a2581370a81bf7be1a192c091816dcea7ca","8ef35f4500e738d5946d3a5c76ff62e454c08553451fe4a85b32b10e23310bab","2026-09-05T23:36:28.382825318+00:00","2026-09-05T23:36:28.382825318+00:00","2026-09-05T23:36:28.382825318+00:00","REVIEW_REQUIRED"
"REVIEW_4120c81e8b18172e2574","REVIEW_REQUIRED","UNRESOLVED_TITLE_IDENTITY","jm","411336","jm:411336","[空氣系☆漢化] (C101) [Hello Girls! (10驛)] 白うさぎの奉仕記錄♥ (ブルーアーカイブ) [中國翻譯]","[""10駅""]","{""canonical_author"":""10驛"",""matched_tokens"":[""10駅""],""rule"":""DIRECT_NORMALIZED""}","[""10驛""]","[""WORK_01166"",""WORK_01167"",""WORK_01168"",""WORK_01169""]","{""chinese"":true,""color"":null,""sample"":null,""translation"":""unknown"",""uncensored"":null}","{""actors"":[],""addtime"":""1673117987"",""description"":"""",""series"":[],""series_id"":""0"",""tags"":[""C101"",""巨乳"",""兔女郎"",""眼鏡"",""中文""],""total_photos"":20,""works"":[""碧藍檔案"",""ブルーアーカイブ""]}","26c6751191e87cf72b0fe1f1f011a681a1b6c2d8ff8b9a4a119e0aad89f85b01","5119fffc54e2a79d2852a5421bf607bea88623b26be4fd370f2364ad0090465d","2026-09-05T23:36:28.382825318+00:00","2026-09-05T23:36:28.382825318+00:00","2026-09-05T23:36:28.382825318+00:00","REVIEW_REQUIRED"
"REVIEW_412ce836848586c0b8d3","REVIEW_REQUIRED","UNRESOLVED_TITLE_IDENTITY","pica","63cc08e107c611391d54f846","pica:63cc08e107c611391d54f846","最強のJKくノ一が催眠術で処女を奪われた件","[""3104""]","{""canonical_author"":""3104"",""matched_tokens"":[""3104""],""rule"":""DIRECT_EXACT""}","[""3104""]","[""WORK_00097"",""WORK_00098""]","{""chinese"":null,""color"":null,""sample"":null,""translation"":""unknown"",""uncensored"":null}","{""allowDownload"":true,""categories"":[""短篇""],""chineseTeam"":"""",""created_at"":""2023-01-21T10:11:01.530Z"",""description"":""最強JK庫諾被奪走處女"",""epsCount"":1,""finished"":false,""pagesCount"":31,""tags"":[""女高中生(JK) "",""洗腦 / 催眠"",""破處"",""巨乳"",""女忍"",""中出"",""馬尾""],""updated_at"":""2023-01-21T15:46:41.700Z""}","16aaf63b1e3e68a24a6094644c367455536caabe64a9f0d86a4d2d4f4a56e0ff","3ed73b8360ab9cb382a5e7c6fbad2cba9855d51e7ceaf2192aa766b255a66d1a","2026-09-05T23:36:28.382825318+00:00","2026-09-05T23:36:28.382825318+00:00","2026-09-05T23:36:28.382825318+00:00","REVIEW_REQUIRED"
"REVIEW_41670a9cf817733277a6","REVIEW_REQUIRED","UNKNOWN_LOCAL_VERSION","pica","5eecb90cd4e4dd51499aa482","pica:5eecb90cd4e4dd51499aa482","悲しみが嫌いだったら","[""3104丁目 (3104)""]","{""canonical_author"":""3104"",""matched_tokens"":[""3104""],""rule"":""PARENTHESIZED_OFFICIAL_TOKEN""}","[""3104""]","[""WORK_00097""]","{""chinese"":null,""color"":null,""sample"":null,""translation"":""unknown"",""uncensored"":null}","{""allowDownload"":true,""categories"":[""短篇"",""生肉"",""NTR""],""chineseTeam"":"""",""created_at"":""2020-06-19T11:42:43.631Z"",""description"":""忍 者 杀 手"",""epsCount"":1,""finished"":false,""pagesCount"":33,""tags"":[""C98"",""女忍"",""巨乳"",""拘束"",""中出"",""道具"",""性玩具"",""強制高潮"",""凌辱"",""口交"",""浴室""],""updated_at"":""2020-06-19T13:09:32.932Z""}","b88d014983aa0093631168f84c5714f7ec05a448c0c425415765c9100f314481","f4e45c6cca96ed766120bb48a7f150d71df67eb0eaeb65a23b82ab08c38f4beb","2026-09-05T23:36:28.382825318+00:00","2026-09-05T23:36:28.382825318+00:00","2026-09-05T23:36:28.382825318+00:00","REVIEW_REQUIRED"
"REVIEW_43754ce155422d401975","REVIEW_REQUIRED","UNRESOLVED_TITLE_IDENTITY","jm","123617","jm:123617","[黎歐×新橋月白日語社] (C96) [ろいやるびっち (haruhisky)] 師匠を孕ませるまででられないシミュレーター2 (Fate/Grand Order) [中國翻譯]","[""haruhisky""]","{""canonical_author"":""haruhisky"",""matched_tokens"":[""haruhisky""],""rule"":""DIRECT_EXACT""}","[""haruhisky""]","[""WORK_00001"",""WORK_00068"",""WORK_00799"",""WORK_02582"",""WORK_02583""]","{""chinese"":true,""color"":null,""sample"":null,""translation"":""unknown"",""uncensored"":null}","{""actors"":[],""addtime"":""1566217973"",""description"":"""",""series"":[],""series_id"":""0"",""tags"":[""FGO"",""師匠"",""C96"",""中文"",""haruhisky""],""total_photos"":27,""works"":[]}","9d590b87a6ebf691f172906f3a8605357e90732d0f3e6d2b6d302d83560fded9","1f04d6cf074d63af3c1e0d7249a041192a332914976837086ceb29a2f26fc621","2026-09-05T23:36:28.382825318+00:00","2026-09-05T23:36:28.382825318+00:00","2026-09-05T23:36:28.382825318+00:00","REVIEW_REQUIRED"
"REVIEW_43f09d37e8c4da03de24","REVIEW_REQUIRED","UNCONFIRMED_AUTHOR","jm","95170","jm:95170","(COMIC1☆14) [ろいやるびっち (haruhisky)] BBちゃんとバッドエンドを (FateGrand Order)","[]","{""canonical_author"":null,""matched_tokens"":[],""rule"":""NO_CONFIRMED_AUTHOR_EVIDENCE""}","[""haruhisky""]","[]","{""chinese"":null,""color"":null,""sample"":null,""translation"":""unknown"",""uncensored"":null}","{""actors"":[],""addtime"":""1547712929"",""description"":""(COMIC1☆14) [ろいやるびっち (haruhisky)] BBちゃんとバッドエンドを (Fate/Grand Order)"",""series"":[],""series_id"":""0"",""tags"":[""comic1"",""ろいやるびっち"",""haruhisky"",""bbちゃんとバッドエンドを"",""fategrand"",""order""],""total_photos"":24,""works"":[]}","5e11fedd7a4d376e82078806dcbbd8284e4e7ecdf4d40b138c9bfff598334505","35ae3ca562482c44a868994c99fd5a92319bf9d0e2c36a0922ced12d6423e3e5","2026-09-05T23:36:28.382825318+00:00","2026-09-05T23:36:28.382825318+00:00","2026-09-05T23:36:28.382825318+00:00","REVIEW_REQUIRED"
"REVIEW_443033f7e0872a70ff22","REVIEW_REQUIRED","UNRESOLVED_TITLE_IDENTITY","pica","6509d524a4051f3112f16c36","pica:6509d524a4051f3112f16c36","君はイカサマをしている (コミックホットミルク 2022年5月号)","[""3104""]","{""canonical_author"":""3104"",""matched_tokens"":[""3104""],""rule"":""DIRECT_EXACT""}","[""3104""]","[""WORK_00097"",""WORK_00098""]","{""chinese"":null,""color"":null,""sample"":null,""translation"":""unknown"",""uncensored"":null}","{""allowDownload"":true,""categories"":[""短篇""],""chineseTeam"":""是小狐狸哦"",""created_at"":""2023-09-19T15:51:14.841Z"",""description"":""介紹給你不錯的工作吧"",""epsCount"":1,""finished"":true,""pagesCount"":24,""tags"":[""短髮"",""援交"",""大叔"",""潮吹"",""泳裝"",""情趣內衣"",""長筒絲襪"",""高跟鞋"",""口交""],""updated_at"":""2023-09-19T17:06:44.883Z""}","6af3bbb8b5fa08b3fad4daec994ad802eeffa137ba0195574c0fd7d79711836c","e6a9741544c92ab9f2ebb7cbdec382e880edd481fcd4c3eaae495308d951e227","2026-09-05T23:36:28.382825318+00:00","2026-09-05T23:36:28.382825318+00:00","2026-09-05T23:36:28.382825318+00:00","REVIEW_REQUIRED"
"REVIEW_449c489c9d7af57a3d73","REVIEW_REQUIRED","UNRESOLVED_TITLE_IDENTITY","jm","276173","jm:276173","[黎歐x新橋月白日語社漢化]  [ろいやるびっち (haruhisky)] 水著師匠と戀人エッチする本。 (Fate/Grand Order) [中國翻譯] [DL版]","[""haruhisky""]","{""canonical_author"":""haruhisky"",""matched_tokens"":[""haruhisky""],""rule"":""DIRECT_EXACT""}","[""haruhisky""]","[""WORK_00001"",""WORK_00068"",""WORK_00799"",""WORK_02582"",""WORK_02583""]","{""chinese"":true,""color"":null,""sample"":null,""translation"":""unknown"",""uncensored"":null}","{""actors"":[],""addtime"":""1630480443"",""description"":"""",""series"":[],""series_id"":""0"",""tags"":[""巨乳"",""泳裝"",""透視"",""中文""],""total_photos"":28,""works"":[]}","911975f34908e9c6f65b1bf7ba4ff21123ab1724e7b418f24d2d0176bb99b42c","5a35636533c6fb6622c16d2a3fa951a6585e3b07871235bd9ef14fed8261ab1a","2026-09-05T23:36:28.382825318+00:00","2026-09-05T23:36:28.382825318+00:00","2026-09-05T23:36:28.382825318+00:00","REVIEW_REQUIRED"
"REVIEW_491c444561fced60c8ca","REVIEW_REQUIRED","UNCONFIRMED_AUTHOR","jm","178631","jm:178631","[如若昇天個人漢化] (C97) [3104丁目 (3104)] Soon Lazy [中國翻譯] [DL版]","[""3104"",""3104丁目""]","{""canonical_author"":null,""matched_tokens"":[],""rule"":""MULTIPLE_RAW_AUTHOR_FIELDS""}","[""3104""]","[]","{""chinese"":true,""color"":null,""sample"":null,""translation"":""unknown"",""uncensored"":null}","{""actors"":[],""addtime"":""1584275882"",""description"":"""",""series"":[],""series_id"":""0"",""tags"":[""女僕"",""巨乳"",""吊帶襪"",""過膝襪"",""NTR"",""阿黑顏"",""性勒索"",""中文""],""total_photos"":32,""works"":[]}","abf0386041a76283f4d906b7c1f1a7d86baa2907fd5648e48d0c834436fee81a","599d4b8495246a9ef276bc0269495c8054f501a94716a74aec482b6877236a16","2026-09-05T23:36:28.382825318+00:00","2026-09-05T23:36:28.382825318+00:00","2026-09-05T23:36:28.382825318+00:00","REVIEW_REQUIRED"
"REVIEW_4b0e17d2300e224142b3","REVIEW_REQUIRED","UNRESOLVED_TITLE_IDENTITY","pica","64f62c0519931c2a527cddae","pica:64f62c0519931c2a527cddae","ただ悲しいフリをする","[""3104丁目 (3104)""]","{""canonical_author"":""3104"",""matched_tokens"":[""3104""],""rule"":""PARENTHESIZED_OFFICIAL_TOKEN""}","[""3104""]","[""WORK_00097"",""WORK_00098""]","{""chinese"":null,""color"":null,""sample"":null,""translation"":""unknown"",""uncensored"":null}","{""allowDownload"":true,""categories"":[""短篇""],""chineseTeam"":""Looike汉化组"",""created_at"":""2023-09-04T15:26:12.407Z"",""description"":""只是假装在悲傷"",""epsCount"":1,""finished"":true,""pagesCount"":33,""tags"":[""短髮"",""校服"",""口交"",""橫切面""],""updated_at"":""2023-09-04T19:12:05.985Z""}","d0a87b1ced6ba63445d9fd671b200116e308abf32401415eec688a1c7df75295","9762653f36a5b7a3eeb37f93d1f13c81bf0f66cccc380f569c976f2e3d096c93","2026-09-05T23:36:28.382825318+00:00","2026-09-05T23:36:28.382825318+00:00","2026-09-05T23:36:28.382825318+00:00","REVIEW_REQUIRED"
"REVIEW_4dc855f54bee64f03647","REVIEW_REQUIRED","UNRESOLVED_TITLE_IDENTITY","jm","341302","jm:341302","Pixiv碧藍航線NTR漫畫(尼特子個人漢化) [3104]PixivアズールレーンNTR漫畫(Chinese)","[""3104""]","{""canonical_author"":""3104"",""matched_tokens"":[""3104""],""rule"":""DIRECT_EXACT""}","[""3104""]","[""WORK_00097"",""WORK_00098""]","{""chinese"":true,""color"":true,""sample"":null,""translation"":""unknown"",""uncensored"":null}","{""actors"":[],""addtime"":""1652602694"",""description"":"""",""series"":[],""series_id"":""0"",""tags"":[""全彩"",""CG"",""NTR"",""巨乳"",""中文""],""total_photos"":61,""works"":[""碧藍航線""]}","47d39be424c819065ba54ca53e052d08c138f99dc5e9375ce4e5ced01cf70709","b30930d4faf826ba526216abbd77767e8310f8d4c4681efde0246643f5691af1","2026-09-05T23:36:28.382825318+00:00","2026-09-05T23:36:28.382825318+00:00","2026-09-05T23:36:28.382825318+00:00","REVIEW_REQUIRED"
"REVIEW_52b2f9a88949393f054c","REVIEW_REQUIRED","UNRESOLVED_TITLE_IDENTITY","pica","695a895aefd3a177b41c44de","pica:695a895aefd3a177b41c44de","セイバーさん ヤリモクナンパ待ち 温泉編 (Fate/stay night)","[""ろいやるびっち (haruhisky)""]","{""canonical_author"":""haruhisky"",""matched_tokens"":[""haruhisky""],""rule"":""PARENTHESIZED_OFFICIAL_TOKEN""}","[""haruhisky""]","[""WORK_00001"",""WORK_00068"",""WORK_00799"",""WORK_02582"",""WORK_02583""]","{""chinese"":null,""color"":null,""sample"":null,""translation"":""unknown"",""uncensored"":null}","{""allowDownload"":true,""categories"":[""同人"",""短篇"",""Fate""],""chineseTeam"":""路人漢化"",""created_at"":""2026-01-03T11:30:54.989Z"",""description"":"""",""epsCount"":1,""finished"":true,""pagesCount"":40,""tags"":[""C107"",""FATE: 澟"",""FATE/Stay Night"",""FATE: 劍兵 SABER"",""Saber"",""溫泉"",""口交"",""長筒襪"",""群交""],""updated_at"":""2026-01-04T15:38:02.635Z""}","f9f3b9b09ebdd11e9b3bdc63b9b676aea608a5e16fa6b278ec73409418f85de5","415e987061b77bc802c9f81834d6db70bd81d40742103e49fd049a5e92f2fc79","2026-09-05T23:36:28.382825318+00:00","2026-09-05T23:36:28.382825318+00:00","2026-09-05T23:36:28.382825318+00:00","REVIEW_REQUIRED"
"REVIEW_535e4f787f1998619b0a","REVIEW_REQUIRED","UNCONFIRMED_AUTHOR","jm","114071","jm:114071","(COMIC1☆15) [ろいやるびっち (haruhisky)] 師匠を孕ませるまででられないシミュレーター (FateGrand Order) [黎歐×新橋月白日語社]","[""ろいやるびっち"",""(haruhisky)""]","{""canonical_author"":null,""matched_tokens"":[],""rule"":""MULTIPLE_RAW_AUTHOR_FIELDS""}","[""haruhisky""]","[]","{""chinese"":true,""color"":null,""sample"":null,""translation"":""unknown"",""uncensored"":null}","{""actors"":[],""addtime"":""1560155173"",""description"":""黎歐×新橋月白日語社"",""series"":[],""series_id"":""0"",""tags"":[""FGO"",""師匠"",""ろいやるびっち"",""fategrand"",""order"",""中文""],""total_photos"":26,""works"":[]}","644f4931f287efaa9e5481af0860bcf139b0290c8ffe44d62aa085386c959fce","e850014fc7d199959645072b255da7c21e0fcfe47f3e6c43704832415c7030c6","2026-09-05T23:36:28.382825318+00:00","2026-09-05T23:36:28.382825318+00:00","2026-09-05T23:36:28.382825318+00:00","REVIEW_REQUIRED"
"REVIEW_549dd45dd9abd58be61a","REVIEW_REQUIRED","UNRESOLVED_TITLE_IDENTITY","jm","1131995","jm:1131995","曾經的回憶與芬芳已不在[3104丁目 (3104)] オモイデもカオリも [中國翻譯] [無修正] [DL版]","[""3104""]","{""canonical_author"":""3104"",""matched_tokens"":[""3104""],""rule"":""DIRECT_EXACT""}","[""3104""]","[""WORK_00097"",""WORK_00098""]","{""chinese"":true,""color"":null,""sample"":null,""translation"":""unknown"",""uncensored"":true}","{""actors"":[],""addtime"":""1745113917"",""description"":"""",""series"":[],""series_id"":""0"",""tags"":[""無修正"",""巨乳"",""泳裝"",""出軌"",""處女"",""醉酒"",""NTR"",""乳交"",""中文""],""total_photos"":44,""works"":[]}","c6f4a86dc2db94eede4fb5d2b5e44d16e67bc2410a07789b5f831e4516581fcc","96145fc65cc9a429a56c7e53b38a0fbb2583b62ea7491f78ef76288db83eaf5d","2026-09-05T23:36:28.382825318+00:00","2026-09-05T23:36:28.382825318+00:00","2026-09-05T23:36:28.382825318+00:00","REVIEW_REQUIRED"
"REVIEW_558c01052f873c6ea4ec","REVIEW_REQUIRED","UNCONFIRMED_AUTHOR","jm","82976","jm:82976","(C94) [ろいやるびっち (haruhisky)] 水著師匠と戀人エッチする本 (Fate Grand Order) [空氣系☆漢化]","[]","{""canonical_author"":null,""matched_tokens"":[],""rule"":""NO_CONFIRMED_AUTHOR_EVIDENCE""}","[""haruhisky""]","[]","{""chinese"":true,""color"":null,""sample"":null,""translation"":""unknown"",""uncensored"":null}","{""actors"":[],""addtime"":""1534753741"",""description"":"""",""series"":[],""series_id"":""0"",""tags"":[""ろいやるびっち"",""haruhisky"",""水著師匠と戀人エッチする本"",""grand"",""order"",""空気系"",""漢化"",""FGO"",""中文""],""total_photos"":24,""works"":[]}","03752304bd1873ccb3967f7ef74f63ba162b6c76691f9e4bd4ba32afc1558153","94ae9bc17c9996e48b33cbe508d6b88248d59ce829c8d25c7c6702dd7e8c3c2c","2026-09-05T23:36:28.382825318+00:00","2026-09-05T23:36:28.382825318+00:00","2026-09-05T23:36:28.382825318+00:00","REVIEW_REQUIRED"
"REVIEW_55d7af3ea1d8a94063ed","REVIEW_REQUIRED","UNRESOLVED_TITLE_IDENTITY","jm","630604","jm:630604","(C104) [ろいやるびっち (haruhisky)] みょーちゃん先生かくパコりき。2 (みょーちゃん先生はかく語りき) [DL版]","[""haruhisky""]","{""canonical_author"":""haruhisky"",""matched_tokens"":[""haruhisky""],""rule"":""DIRECT_EXACT""}","[""haruhisky""]","[""WORK_00001"",""WORK_00068"",""WORK_00799"",""WORK_02582"",""WORK_02583""]","{""chinese"":null,""color"":null,""sample"":null,""translation"":""unknown"",""uncensored"":null}","{""actors"":[""笹舟美代香""],""addtime"":""1725332796"",""description"":"""",""series"":[],""series_id"":""0"",""tags"":[""C104"",""巨乳"",""泳裝"",""兔女郎"",""日文""],""total_photos"":35,""works"":[""小美老師如是說""]}","28dab20c07851e942933146ad39960dbae8f71d43f1b31a471fb45836cc13fa8","dfbd906d83c52c95aa696dfbb88594f8a44607ebc988c33cbc8f32ef9184b1f3","2026-09-05T23:36:28.382825318+00:00","2026-09-05T23:36:28.382825318+00:00","2026-09-05T23:36:28.382825318+00:00","REVIEW_REQUIRED"
"REVIEW_56fe2515883e0e2839c7","REVIEW_REQUIRED","UNRESOLVED_TITLE_IDENTITY","pica","5d8e219419ac96021d3942f6","pica:5d8e219419ac96021d3942f6","(COMIC1☆14) BBちゃんとバッドエンドを (Fate/Grand Order)","[""ろいやるびっち (haruhisky)""]","{""canonical_author"":""haruhisky"",""matched_tokens"":[""haruhisky""],""rule"":""PARENTHESIZED_OFFICIAL_TOKEN""}","[""haruhisky""]","[""WORK_00001"",""WORK_00068"",""WORK_00799"",""WORK_02582"",""WORK_02583""]","{""chinese"":null,""color"":null,""sample"":null,""translation"":""unknown"",""uncensored"":null}","{""allowDownload"":true,""categories"":[""短篇"",""同人"",""Fate""],""chineseTeam"":""无毒汉化组"",""created_at"":""2019-09-26T15:35:49.852Z"",""description"":""奇怪这个怎么搜不到"",""epsCount"":2,""finished"":true,""pagesCount"":50,""tags"":[""COMIC1☆14"",""Fate / Grand Order"",""巨乳"",""泳裝"",""黑皮"",""榨精"",""群交"",""口交"",""顏射"",""小惡魔"",""中出"",""橫切面"",""劇情""],""updated_at"":""2020-07-03T17:16:46.282Z""}","c15def40ef150f7f8091c04981d26d91ce0974c4b2360bd294d6fa4f4e927fd7","ec6cd546ae091a49c88aacd346635c8a09c5bd56e0f039b21d26ffd89ea99237","2026-09-05T23:36:28.382825318+00:00","2026-09-05T23:36:28.382825318+00:00","2026-09-05T23:36:28.382825318+00:00","REVIEW_REQUIRED"
"REVIEW_570238b686506d0c3e5b","REVIEW_REQUIRED","UNRESOLVED_TITLE_IDENTITY","jm","478815","jm:478815","(C102) [HoneyRoad (Bee導師)] アリサ2 -紅の魔族- (オリジナル) [DL版]","[""Bee導師""]","{""canonical_author"":""Bee導師"",""matched_tokens"":[""Bee導師""],""rule"":""DIRECT_EXACT""}","[""Bee導師""]","[""WORK_01172"",""WORK_01173"",""WORK_01175""]","{""chinese"":null,""color"":null,""sample"":null,""translation"":""unknown"",""uncensored"":null}","{""actors"":[],""addtime"":""1691986994"",""description"":"""",""series"":[],""series_id"":""0"",""tags"":[""C102"",""劇情向"",""束縛"",""女惡魔"",""手套"",""怪物女孩"",""強暴"",""過膝襪"",""百合"",""日文""],""total_photos"":24,""works"":[]}","2832e04dbe766242216941e7712f1f4255aac37a311e86dc61de435f73b94137","80cb9e72e4bb5878887f4228a0152a23fe326fe3f8870118e1c2bbf86c6a91a4","2026-09-05T23:36:28.382825318+00:00","2026-09-05T23:36:28.382825318+00:00","2026-09-05T23:36:28.382825318+00:00","REVIEW_REQUIRED"
"REVIEW_571298b89dd9f4afab04","REVIEW_REQUIRED","UNRESOLVED_TITLE_IDENTITY","jm","1016608","jm:1016608","[Hello Girls! (10驛)] 前哨基地の活動報告 (勝利の女神:NIKKE)","[""10駅""]","{""canonical_author"":""10驛"",""matched_tokens"":[""10駅""],""rule"":""DIRECT_NORMALIZED""}","[""10驛""]","[""WORK_01166"",""WORK_01167"",""WORK_01168"",""WORK_01169""]","{""chinese"":true,""color"":null,""sample"":null,""translation"":""unknown"",""uncensored"":null}","{""actors"":[""阿尼"",""尼恩"",""拉毗""],""addtime"":""1730729124"",""description"":"""",""series"":[],""series_id"":""0"",""tags"":[""巨乳"",""眼鏡"",""乳交"",""群交"",""中文""],""total_photos"":35,""works"":[""勝利女神:"",""妮姬""]}","add3bc06ffe2d89fa1bb381bc3f93a824cb9b288cfec1d15963388a7bd184cf7","75d5310b6345730e0a9042c39d82b46d8fea93fd565cccb47d01e375b5c40a99","2026-09-05T23:36:28.382825318+00:00","2026-09-05T23:36:28.382825318+00:00","2026-09-05T23:36:28.382825318+00:00","REVIEW_REQUIRED"
"REVIEW_577fe51df93f5a881c45","REVIEW_REQUIRED","UNKNOWN_LOCAL_VERSION","pica","692f2e2a2439ee5832b5114a","pica:692f2e2a2439ee5832b5114a","アオハルトラレ","[""ろいやるびっち (haruhisky)""]","{""canonical_author"":""haruhisky"",""matched_tokens"":[""haruhisky""],""rule"":""PARENTHESIZED_OFFICIAL_TOKEN""}","[""haruhisky""]","[""WORK_00799""]","{""chinese"":null,""color"":null,""sample"":null,""translation"":""unknown"",""uncensored"":null}","{""allowDownload"":true,""categories"":[""長篇"",""NTR""],""chineseTeam"":""天魔的黑兔个人汉化"",""created_at"":""2025-12-01T12:30:06.059Z"",""description"":""汉化原话：\n全民手冲人大家好，我是摸鱼时长两年半的黑兔\n什么？要兔子来打机翻吗？会赢吗？会赢的！（大概）"",""epsCount"":1,""finished"":false,""pagesCount"":63,""tags"":[""巨乳"",""水手服\r"",""教室"",""汗水"",""口交"",""後入"",""中出"",""3P""],""updated_at"":""2025-12-02T18:21:30.795Z""}","2cd5e4fdfce9107d0bb5f3191abade3905673a7b6716e7c36c61d0344ab749d5","fcd2f49a9af24dfe1824f436a7c4376f7b9f225cb71a764270c5bed3defab114","2026-09-05T23:36:28.382825318+00:00","2026-09-05T23:36:28.382825318+00:00","2026-09-05T23:36:28.382825318+00:00","REVIEW_REQUIRED"
"REVIEW_57a7e3c1a748c2d7b9ad","REVIEW_REQUIRED","UNRESOLVED_TITLE_IDENTITY","jm","1231260","jm:1231260","(C105)[3104丁目 (3104)] 紫のショウメイ[中國翻譯] [無修正] [DL版]","[""3104""]","{""canonical_author"":""3104"",""matched_tokens"":[""3104""],""rule"":""DIRECT_EXACT""}","[""3104""]","[""WORK_00097"",""WORK_00098""]","{""chinese"":true,""color"":null,""sample"":null,""translation"":""unknown"",""uncensored"":true}","{""actors"":[],""addtime"":""1763637559"",""description"":""-購買：https://readmoo.com/book/210410520000101"",""series"":[],""series_id"":""0"",""tags"":[""C105"",""無修正"",""巨乳"",""辣妹"",""中出"",""NTR"",""校服"",""中文""],""total_photos"":35,""works"":[]}","f80d26e89c364959640753225d2260cbc11f48417be14eedb4964398a7e67c3a","609199b333d88e20a20a9c6fababe086f5e3a805597e41043cd5252bd44156cf","2026-09-05T23:36:28.382825318+00:00","2026-09-05T23:36:28.382825318+00:00","2026-09-05T23:36:28.382825318+00:00","REVIEW_REQUIRED"
"REVIEW_5879aab1dd19930f88d4","REVIEW_REQUIRED","UNRESOLVED_TITLE_IDENTITY","jm","532621","jm:532621","(C103) [ろいやるびっち (haruhisky)] ムチ宮ハルヒの困惑 (涼宮ハルヒの憂鬱) [DL版]","[""haruhisky""]","{""canonical_author"":""haruhisky"",""matched_tokens"":[""haruhisky""],""rule"":""DIRECT_EXACT""}","[""haruhisky""]","[""WORK_00001"",""WORK_00068"",""WORK_00799"",""WORK_02582"",""WORK_02583""]","{""chinese"":null,""color"":null,""sample"":null,""translation"":""unknown"",""uncensored"":null}","{""actors"":[],""addtime"":""1705566351"",""description"":"""",""series"":[],""series_id"":""0"",""tags"":[""C103"",""巨乳"",""內衣"",""日文""],""total_photos"":613,""works"":[""涼宮ハルヒの憂鬱""]}","1ccc305c569a85fffb95cafe565ef483508761839867ee3c6ae563da6bc21115","a2b216b9f2520f265d82a4473b61e66204d47cf8ebec1fac7d68598fb09b6488","2026-09-05T23:36:28.382825318+00:00","2026-09-05T23:36:28.382825318+00:00","2026-09-05T23:36:28.382825318+00:00","REVIEW_REQUIRED"
"REVIEW_597b4857dd2b04c432a6","REVIEW_REQUIRED","UNCONFIRMED_AUTHOR","jm","265102","jm:265102","[甜橙漢化組][ろいやるびっち (haruhisky)] JKギャルに轉生したのでパッコパコ♥","[""ろいやるびっち"",""haruhisky""]","{""canonical_author"":null,""matched_tokens"":[],""rule"":""MULTIPLE_RAW_AUTHOR_FIELDS""}","[""haruhisky""]","[]","{""chinese"":true,""color"":null,""sample"":null,""translation"":""unknown"",""uncensored"":null}","{""actors"":[],""addtime"":""1625488692"",""description"":"""",""series"":[],""series_id"":""0"",""tags"":[""黑肉"",""辣妹"",""女高中生"",""口交"",""群交"",""中文""],""total_photos"":18,""works"":[]}","f9294b821db2b2afba4716442efdc9fd7642db032640a392a6f30daf62e68967","be9dc616e4280329d4c0b0eab854311b1bdba6f4b4bdb4f335825b24bd3bc05d","2026-09-05T23:36:28.382825318+00:00","2026-09-05T23:36:28.382825318+00:00","2026-09-05T23:36:28.382825318+00:00","REVIEW_REQUIRED"
"REVIEW_5adc33d7cd1f94454dbb","REVIEW_REQUIRED","UNRESOLVED_TITLE_IDENTITY","jm","623646","jm:623646","(C104) [Hello Girls! (10驛)] 前哨基地の活動報告 (勝利の女神：NIKKE) [DL版]","[""10駅""]","{""canonical_author"":""10驛"",""matched_tokens"":[""10駅""],""rule"":""DIRECT_NORMALIZED""}","[""10驛""]","[""WORK_01166"",""WORK_01167"",""WORK_01168"",""WORK_01169""]","{""chinese"":null,""color"":null,""sample"":null,""translation"":""unknown"",""uncensored"":null}","{""actors"":[""阿尼斯"",""尼恩""],""addtime"":""1724489468"",""description"":"""",""series"":[],""series_id"":""0"",""tags"":[""C104"",""巨乳"",""泳裝"",""口交"",""眼鏡"",""手淫"",""後宮"",""乳交"",""群交"",""日文""],""total_photos"":28,""works"":[""勝利女神：妮姬""]}","a8fda95ed167c9058b875b97ba74cec86ce3e462b5cf825eb3b0012cb7151a30","877196175588853e49d4230f13a649536fcade27e1bc06f1f1f42b83b898d969","2026-09-05T23:36:28.382825318+00:00","2026-09-05T23:36:28.382825318+00:00","2026-09-05T23:36:28.382825318+00:00","REVIEW_REQUIRED"
"REVIEW_5b4c84a2475812530db0","REVIEW_REQUIRED","UNRESOLVED_TITLE_IDENTITY","jm","1424546","jm:1424546","攝った女をデリヘル嬢にできる神アプリ -俺の事が嫌いな爆乳ギャルに戀人プレイで処女を捧げさせた- (オリジナル)","[""2-G""]","{""canonical_author"":""2-G"",""matched_tokens"":[""2-G""],""rule"":""DIRECT_EXACT""}","[""2-G""]","[""WORK_02657""]","{""chinese"":true,""color"":null,""sample"":null,""translation"":""unknown"",""uncensored"":null}","{""actors"":[],""addtime"":""1775093373"",""description"":"""",""series"":[],""series_id"":""0"",""tags"":[""巨乳"",""中出"",""乳交"",""口交"",""中文""],""total_photos"":27,""works"":[]}","c619eedd7f8d22aac246c6bbdd8e0d90724cd72e170f49cd0b8bcb7aeaefeaad","65759780bf2f8c36f0ac8461864c826ebc62c5687b0e9ce255a18a8de6da4091","2026-09-05T23:36:28.382825318+00:00","2026-09-05T23:36:28.382825318+00:00","2026-09-05T23:36:28.382825318+00:00","REVIEW_REQUIRED"
"REVIEW_5c8f7995711765722452","REVIEW_REQUIRED","UNKNOWN_LOCAL_VERSION","pica","66bcce2a41a5931b3b878cb9","pica:66bcce2a41a5931b3b878cb9","配達バニーガール 2","[""HoneyRoad (Bee導師)""]","{""canonical_author"":""Bee導師"",""matched_tokens"":[""Bee導師""],""rule"":""PARENTHESIZED_OFFICIAL_TOKEN""}","[""Bee導師""]","[""WORK_01172""]","{""chinese"":null,""color"":null,""sample"":null,""translation"":""unknown"",""uncensored"":null}","{""allowDownload"":true,""categories"":[""全彩"",""短篇"",""CG雜圖""],""chineseTeam"":""驴子汉化组"",""created_at"":""2024-08-14T07:21:13.419Z"",""description"":""外卖兔女郎 2"",""epsCount"":1,""finished"":true,""pagesCount"":19,""tags"":[""兔女娘"",""長筒襪"",""短髮"",""雙馬尾"",""口交""],""updated_at"":""2024-08-14T15:32:58.386Z""}","df3858116efee7912a946233f7154ae9b5cd52c94320afa8d5a7e1c8d48488fa","a22b580a1c9935eaeaf2bfe19e27f6ca3fccd1768d50c140e34681c8fdb090fc","2026-09-05T23:36:28.382825318+00:00","2026-09-05T23:36:28.382825318+00:00","2026-09-05T23:36:28.382825318+00:00","REVIEW_REQUIRED"
"REVIEW_5e6b30fcadccc2b9f914","REVIEW_REQUIRED","UNRESOLVED_TITLE_IDENTITY","pica","629b147abd4d5417d4f9463d","pica:629b147abd4d5417d4f9463d","BAD GIRLS","[""3104""]","{""canonical_author"":""3104"",""matched_tokens"":[""3104""],""rule"":""DIRECT_EXACT""}","[""3104""]","[""WORK_00097"",""WORK_00098""]","{""chinese"":null,""color"":null,""sample"":null,""translation"":""unknown"",""uncensored"":null}","{""allowDownload"":true,""categories"":[""短篇"",""同人"",""NTR""],""chineseTeam"":""wana8汉化"",""created_at"":""2022-06-03T12:18:05.735Z"",""description"":""汉化原话：\n此翻译仅供参考，欢迎各位批评。\n柴郡的那张确实不太好翻译(对我而言），不过我想应该也是一些拟声词，就暂且翻译成那样了。\n关于嵌字，如果是只用竖版嵌入的话，可能观看效果会更差。条件简陋，所以有些地方就用横版了。大家姑且先凑合看吧"",""epsCount"":1,""finished"":false,""pagesCount"":10,""tags"":[""碧藍航線"",""巨乳"",""口交"",""顏射"",""女僕"",""中出"",""性玩具"",""猫耳娘"",""洗腦 / 催眠"",""乳交""],""updated_at"":""2022-06-04T08:14:50.235Z""}","6c14617ae1e34fe392240d3bfd157a3d60e243eb92acf716f603b09054df2812","ca32039bfd63f25be9414ba8a54615bfc2097ea4de4ea7a5c8bdd8b454b50513","2026-09-05T23:36:28.382825318+00:00","2026-09-05T23:36:28.382825318+00:00","2026-09-05T23:36:28.382825318+00:00","REVIEW_REQUIRED"
"REVIEW_63a2f1d811a5c7e74d2c","REVIEW_REQUIRED","UNRESOLVED_TITLE_IDENTITY","jm","1207476","jm:1207476","[路人漢化] (C106) [ろいやるびっち (haruhisky)] セイバーさん ヤリモクナンパ待ち プール編 (Fate/stay night) [中國翻譯] [DL版]","[""haruhisky""]","{""canonical_author"":""haruhisky"",""matched_tokens"":[""haruhisky""],""rule"":""DIRECT_EXACT""}","[""haruhisky""]","[""WORK_00001"",""WORK_00068"",""WORK_00799"",""WORK_02582"",""WORK_02583""]","{""chinese"":true,""color"":null,""sample"":null,""translation"":""unknown"",""uncensored"":null}","{""actors"":[""阿爾托莉雅・潘德拉貢"",""遠阪凜""],""addtime"":""1755683887"",""description"":""(C106) [Royal Bitch (haruhisky)] Saber-san Yarimoku Nanpamachi Pool Hen (Fate/stay night) [Chinese] [Digital]"",""series"":[],""series_id"":""0"",""tags"":[""C106"",""NTR"",""雙馬尾"",""泳裝"",""群交"",""口交"",""中出"",""中文""],""total_photos"":38,""works"":[""Fate/StayNight"",""命運/停駐之夜""]}","fc517d972316672cc8d638560b8d540c3bdda992bd3f5751c89186e3e127fdb5","848c671d9cefd31084a90166f43e33c72123cc7d17b647f9d82bdda921bc79dd","2026-09-05T23:36:28.382825318+00:00","2026-09-05T23:36:28.382825318+00:00","2026-09-05T23:36:28.382825318+00:00","REVIEW_REQUIRED"
"REVIEW_64d1f4162e0dc2d89d3b","REVIEW_REQUIRED","UNRESOLVED_TITLE_IDENTITY","pica","68c02b6740672720d7842d8a","pica:68c02b6740672720d7842d8a"," 紫のショウメイ〜オレンジに変わったら〜 [中国翻訳] [DL版]","[""3104丁目 (3104)""]","{""canonical_author"":""3104"",""matched_tokens"":[""3104""],""rule"":""PARENTHESIZED_OFFICIAL_TOKEN""}","[""3104""]","[""WORK_00097"",""WORK_00098""]","{""chinese"":null,""color"":null,""sample"":null,""translation"":""unknown"",""uncensored"":null}","{""allowDownload"":true,""categories"":[""短篇"",""NTR""],""chineseTeam"":""空気系☆漢化"",""created_at"":""2025-09-08T18:27:21.022Z"",""description"":""☆肉體的描繪、衣服的選擇以及隨時可能暴露的隱秘舔陰...感覺比第一話更色！最後依然沒有完全墮落，所以應該會有第三話吧。\n\n=====================================================================================================\n\n☆長期招募翻譯和鑲字中！歡迎各種有熱情的新人和兼職！！本組為無償漢化組！！！☆"",""epsCount"":1,""finished"":true,""pagesCount"":33,""tags"":[""巨乳"",""蹦壞臉"",""NTR""],""updated_at"":""2025-09-09T13:28:07.508Z""}","b4d98f2e844247e48815c12b7bf268a2b06ed0ed152d81dc21557289bcbc3fcf","282f414a87a288082c0a31fa5da55d7e856b4f29637ca6d6deafdec3503bd8db","2026-09-05T23:36:28.382825318+00:00","2026-09-05T23:36:28.382825318+00:00","2026-09-05T23:36:28.382825318+00:00","REVIEW_REQUIRED"
"REVIEW_66b8037e9e9d891b6f84","REVIEW_REQUIRED","UNCONFIRMED_AUTHOR","jm","81172","jm:81172","(C91) [ろいやるびっち (Haruhisky)] はるこす 4 (涼宮ハルヒの憂鬱) [DL版]","[]","{""canonical_author"":null,""matched_tokens"":[],""rule"":""NO_CONFIRMED_AUTHOR_EVIDENCE""}","[""haruhisky""]","[]","{""chinese"":null,""color"":null,""sample"":null,""translation"":""unknown"",""uncensored"":null}","{""actors"":[],""addtime"":""1533069297"",""description"":"""",""series"":[],""series_id"":""0"",""tags"":[""275""],""total_photos"":24,""works"":[]}","ab1b3a37b9d8f7a0ad67404123be9399d350c62105f4c92ef19c2c443a4ccc19","e285d279adfbc1b433d21f0ce06da09fd85495a0e2e19700e1853b8e3d355b11","2026-09-05T23:36:28.382825318+00:00","2026-09-05T23:36:28.382825318+00:00","2026-09-05T23:36:28.382825318+00:00","REVIEW_REQUIRED"
"REVIEW_67275daaa37eba4366ff","REVIEW_REQUIRED","UNRESOLVED_TITLE_IDENTITY","jm","371595","jm:371595","仙醉酒 (原神)  [黎歐出資漢化] (C100) [Hello Girls! (10驛)] 仙醉酒 (原神) [中國翻譯]","[""10駅""]","{""canonical_author"":""10驛"",""matched_tokens"":[""10駅""],""rule"":""DIRECT_NORMALIZED""}","[""10驛""]","[""WORK_01166"",""WORK_01167"",""WORK_01168"",""WORK_01169""]","{""chinese"":true,""color"":null,""sample"":null,""translation"":""unknown"",""uncensored"":null}","{""actors"":[""申鶴""],""addtime"":""1661353655"",""description"":"""",""series"":[],""series_id"":""0"",""tags"":[""C100"",""巨乳"",""遮眼"",""乳交"",""中文""],""total_photos"":18,""works"":[""原神""]}","c8ce304d572fcf8f1862219f9629e6f5c84e6f4fc3f1e92e6801ab3c6fcb3e9f","a52a89baaa417a18aa37b82f4e033e8c4d28e0f271294b89c1fa87848d9305f0","2026-09-05T23:36:28.382825318+00:00","2026-09-05T23:36:28.382825318+00:00","2026-09-05T23:36:28.382825318+00:00","REVIEW_REQUIRED"
"REVIEW_69a7ee6e9258564b7fc5","REVIEW_REQUIRED","UNRESOLVED_TITLE_IDENTITY","jm","277547","jm:277547","[ろいやるびっち (haruhisky)] 姉は親父に抱かれてる 3","[""haruhisky""]","{""canonical_author"":""haruhisky"",""matched_tokens"":[""haruhisky""],""rule"":""DIRECT_EXACT""}","[""haruhisky""]","[""WORK_00001"",""WORK_00068"",""WORK_00799"",""WORK_02582"",""WORK_02583""]","{""chinese"":null,""color"":null,""sample"":null,""translation"":""unknown"",""uncensored"":null}","{""actors"":[],""addtime"":""1631099603"",""description"":"""",""series"":[],""series_id"":""0"",""tags"":[""日文""],""total_photos"":89,""works"":[""姉は親父に抱かれてる""]}","76eb2b0a192d3c2021399a1584fe1f1a4de730a98bcaeffc1d7e31532758ea82","fc8bcdf23f4700ef8779fb7cd6160fa6508a881c1645627665c19549992ee06a","2026-09-05T23:36:28.382825318+00:00","2026-09-05T23:36:28.382825318+00:00","2026-09-05T23:36:28.382825318+00:00","REVIEW_REQUIRED"
"REVIEW_6a1b083d911d4c8cc86a","REVIEW_REQUIRED","UNCONFIRMED_AUTHOR","jm","201485","jm:201485","[天煌漢化組] [3104丁目 (3104)] 悲しみが嫌いだったら [中國翻譯]","[""3104"",""3104丁目""]","{""canonical_author"":null,""matched_tokens"":[],""rule"":""MULTIPLE_RAW_AUTHOR_FIELDS""}","[""3104""]","[]","{""chinese"":true,""color"":null,""sample"":null,""translation"":""unknown"",""uncensored"":null}","{""actors"":[],""addtime"":""1593145513"",""description"":"""",""series"":[],""series_id"":""0"",""tags"":[""巨乳"",""緊身衣"",""催眠"",""過膝襪"",""NTR"",""馬尾"",""中文""],""total_photos"":34,""works"":[]}","99f51cf16226de9f9e5d47b12eb68d9072eec06c55752e20cd1383fd88402a47","c5dbf5133363b45d60cdbda7568bdef7c1d8c62a899eb16cc76a35c3684e51b3","2026-09-05T23:36:28.382825318+00:00","2026-09-05T23:36:28.382825318+00:00","2026-09-05T23:36:28.382825318+00:00","REVIEW_REQUIRED"
"REVIEW_6b19065876c02cf41fcb","REVIEW_REQUIRED","UNRESOLVED_TITLE_IDENTITY","pica","64e887cc19931c2a527c73f8","pica:64e887cc19931c2a527c73f8","アリサ2 紅の魔族","[""HoneyRoad (Bee導師)""]","{""canonical_author"":""Bee導師"",""matched_tokens"":[""Bee導師""],""rule"":""PARENTHESIZED_OFFICIAL_TOKEN""}","[""Bee導師""]","[""WORK_01172"",""WORK_01173"",""WORK_01175""]","{""chinese"":null,""color"":null,""sample"":null,""translation"":""unknown"",""uncensored"":null}","{""allowDownload"":true,""categories"":[""短篇""],""chineseTeam"":""白杨汉化组"",""created_at"":""2023-08-24T02:52:34.438Z"",""description"":""期待後續"",""epsCount"":1,""finished"":true,""pagesCount"":26,""tags"":[""無男性"",""淫魔/夢魔"",""女性主導""],""updated_at"":""2023-08-25T10:51:56.206Z""}","e6c63daa56f96cdd46774faa7a0f8ea762ec895e113d9edd614129a19a2761f9","096f9abbf777152e2532a510f86e4a737e2d01544921fcaacb07f8ce39a34cce","2026-09-05T23:36:28.382825318+00:00","2026-09-05T23:36:28.382825318+00:00","2026-09-05T23:36:28.382825318+00:00","REVIEW_REQUIRED"
"REVIEW_6b42942e382ff5cedfff","REVIEW_REQUIRED","UNRESOLVED_TITLE_IDENTITY","pica","5e5084873abef73c5b51d0ba","pica:5e5084873abef73c5b51d0ba","はるこす++","[""ろいやるびっち (Haruhisky)""]","{""canonical_author"":""haruhisky"",""matched_tokens"":[""Haruhisky""],""rule"":""PARENTHESIZED_OFFICIAL_TOKEN""}","[""haruhisky""]","[""WORK_00001"",""WORK_00068"",""WORK_00799"",""WORK_02582"",""WORK_02583""]","{""chinese"":null,""color"":true,""sample"":null,""translation"":""unknown"",""uncensored"":null}","{""allowDownload"":true,""categories"":[""全彩"",""短篇"",""同人"",""CG雜圖""],""chineseTeam"":"""",""created_at"":""2020-02-20T13:29:10.506Z"",""description"":""凉宫全彩图"",""epsCount"":1,""finished"":false,""pagesCount"":20,""tags"":[""全彩"",""涼宮春日系列"",""啦啦隊"",""巨乳"",""騎乗"",""中出"",""柔軟體質 / 體操"",""曬黑/日燒"",""比基尼"",""兔女娘"",""口交"",""道具"",""性玩具"",""溫泉"",""女警"",""校服"",""婚紗"",""猫耳娘""],""updated_at"":""2020-02-22T01:31:51.619Z""}","fd2eb7e23a95b700a75f10888e5a8c94f6e833767082796f62b7b334e8b4c2e7","926ae93d93d45f83376a55d192cdc3ddaba21439b8f9c8e755eaeeb2b51c0b4f","2026-09-05T23:36:28.382825318+00:00","2026-09-05T23:36:28.382825318+00:00","2026-09-05T23:36:28.382825318+00:00","REVIEW_REQUIRED"
"REVIEW_6c08a1c828eaa56a7f6f","REVIEW_REQUIRED","UNRESOLVED_TITLE_IDENTITY","jm","100251","jm:100251","[ろいやるびっち(haruhisky)][くーねるすまた3]","[""haruhisky""]","{""canonical_author"":""haruhisky"",""matched_tokens"":[""haruhisky""],""rule"":""DIRECT_EXACT""}","[""haruhisky""]","[""WORK_00001"",""WORK_00068"",""WORK_00799"",""WORK_02582"",""WORK_02583""]","{""chinese"":null,""color"":null,""sample"":null,""translation"":""unknown"",""uncensored"":null}","{""actors"":[],""addtime"":""1552853706"",""description"":""瓜皮有償漢化"",""series"":[],""series_id"":""0"",""tags"":[""ろいやるびっち"",""巨乳"",""劇情向"",""束縛/調教/凌辱""],""total_photos"":25,""works"":[]}","7e9d789a25047c789b8395f1d49e7e945cefcc6dc8d3c564116722cefbb8901a","7ad7a8aeae1126649a5b1a968803c07780dbdfaf5fb4413c47febfb434ebc715","2026-09-05T23:36:28.382825318+00:00","2026-09-05T23:36:28.382825318+00:00","2026-09-05T23:36:28.382825318+00:00","REVIEW_REQUIRED"
"REVIEW_6d8230c088d0279ccf99","REVIEW_REQUIRED","UNRESOLVED_TITLE_IDENTITY","jm","1048382","jm:1048382","(C105) [Hello Girls! (10驛)] リナが酷い目に遭う話 (ゼンレスゾーンゼロ)","[""10駅""]","{""canonical_author"":""10驛"",""matched_tokens"":[""10駅""],""rule"":""DIRECT_NORMALIZED""}","[""10驛""]","[""WORK_01166"",""WORK_01167"",""WORK_01168"",""WORK_01169""]","{""chinese"":true,""color"":null,""sample"":null,""translation"":""unknown"",""uncensored"":null}","{""actors"":[""麗娜""],""addtime"":""1735837039"",""description"":"""",""series"":[],""series_id"":""0"",""tags"":[""C105"",""巨乳"",""口交"",""內衣"",""中出"",""中文""],""total_photos"":18,""works"":[""絕區零""]}","172ec6c04ae4a7b90bcc3010a20a89e510a51fd43bbaf7ad0203347e406009a3","21973a54761df7cfe894494df66fdd74277aba38ae25949a8e7c10cd1b6a266f","2026-09-05T23:36:28.382825318+00:00","2026-09-05T23:36:28.382825318+00:00","2026-09-05T23:36:28.382825318+00:00","REVIEW_REQUIRED"
"REVIEW_6daf05a93043daf3e0ca","REVIEW_REQUIRED","UNRESOLVED_TITLE_IDENTITY","jm","100228","jm:100228","【瓜皮有償漢化】(C91) [ろいやるびっち (haruhisky)] くーねるすまた4 (くーねるまるた) [DL版]","[""haruhisky""]","{""canonical_author"":""haruhisky"",""matched_tokens"":[""haruhisky""],""rule"":""DIRECT_EXACT""}","[""haruhisky""]","[""WORK_00001"",""WORK_00068"",""WORK_00799"",""WORK_02582"",""WORK_02583""]","{""chinese"":true,""color"":null,""sample"":null,""translation"":""unknown"",""uncensored"":null}","{""actors"":[],""addtime"":""1552810898"",""description"":"""",""series"":[],""series_id"":""0"",""tags"":[""瓜皮有償漢化"",""ろいやるびっち"",""haruhisky"",""くーねるすまた4"",""くーねるまるた"",""dl版"",""中文""],""total_photos"":22,""works"":[]}","0215e492b0de37706a0531ea40d67e3d7f4b987691fe580ce3aa203b7790727d","9bb9b4d7b3a760a0aae28643c644900bb3d6e5de147b255b8a9e34c78782e873","2026-09-05T23:36:28.382825318+00:00","2026-09-05T23:36:28.382825318+00:00","2026-09-05T23:36:28.382825318+00:00","REVIEW_REQUIRED"
"REVIEW_6dc3af76a7cc87ad824a","REVIEW_REQUIRED","UNCONFIRMED_AUTHOR","jm","80154","jm:80154","(C93) [ろいやるびっち (Haruhisky)] はるこす6 (涼宮ハルヒの憂鬱)","[]","{""canonical_author"":null,""matched_tokens"":[],""rule"":""NO_CONFIRMED_AUTHOR_EVIDENCE""}","[""haruhisky""]","[]","{""chinese"":null,""color"":null,""sample"":null,""translation"":""unknown"",""uncensored"":null}","{""actors"":[],""addtime"":""1531902273"",""description"":"""",""series"":[],""series_id"":""0"",""tags"":[""ろいやるびっち"",""haruhisky"",""はるこす6"",""涼宮ハルヒの憂鬱""],""total_photos"":32,""works"":[]}","62ca171303ba5ba50d33516d4cb952b57675b9c42ed6bb5b17f6a3c8a6a73023","70ccade66b8b5a2ace5b678c2f4eb489fdaf7b1a01c6074d463b57c15da93e9f","2026-09-05T23:36:28.382825318+00:00","2026-09-05T23:36:28.382825318+00:00","2026-09-05T23:36:28.382825318+00:00","REVIEW_REQUIRED"
"REVIEW_6dd66fc513566af66adf","REVIEW_REQUIRED","UNRESOLVED_TITLE_IDENTITY","jm","1434106","jm:1434106","[一億萬軒茶屋(2-G)] コンビニのバイトJKはXXLサイズのコンドームを買うお客さんが氣になって仕方ない [中國翻譯]","[""2-G""]","{""canonical_author"":""2-G"",""matched_tokens"":[""2-G""],""rule"":""DIRECT_EXACT""}","[""2-G""]","[""WORK_02657""]","{""chinese"":true,""color"":null,""sample"":null,""translation"":""unknown"",""uncensored"":null}","{""actors"":[],""addtime"":""1777942846"",""description"":"""",""series"":[],""series_id"":""0"",""tags"":[""巨乳"",""中出"",""騎乘位"",""口交"",""中文""],""total_photos"":23,""works"":[]}","ea0514e8703a2a7e02dd4ff90e5c2e9f84a9f475570478eff8ece8d88520655d","1957b3030ab1d38d5b3e8a5e804db901f58b79d2a285f11029f12eeee3c60780","2026-09-05T23:36:28.382825318+00:00","2026-09-05T23:36:28.382825318+00:00","2026-09-05T23:36:28.382825318+00:00","REVIEW_REQUIRED"
"REVIEW_6ecda6e0fcba08b4cef6","REVIEW_REQUIRED","UNRESOLVED_TITLE_IDENTITY","pica","62efcf0cbdca3504d68ac963","pica:62efcf0cbdca3504d68ac963","Haruhi Lingerie Collection 01 (涼宮ハルヒの憂鬱)","[""ろいやるびっち (Haruhisky)""]","{""canonical_author"":""haruhisky"",""matched_tokens"":[""Haruhisky""],""rule"":""PARENTHESIZED_OFFICIAL_TOKEN""}","[""haruhisky""]","[""WORK_00001"",""WORK_00068"",""WORK_00799"",""WORK_02582"",""WORK_02583""]","{""chinese"":null,""color"":true,""sample"":null,""translation"":""unknown"",""uncensored"":null}","{""allowDownload"":true,""categories"":[""全彩"",""短篇"",""同人"",""CG雜圖""],""chineseTeam"":"""",""created_at"":""2022-08-06T16:47:08.038Z"",""description"":""搬运"",""epsCount"":1,""finished"":true,""pagesCount"":43,""tags"":[""涼宮春日系列"",""全彩"",""兔女娘"",""巨乳"",""啦啦隊"",""運動服"",""運動短褲"",""情趣內衣"",""女僕""],""updated_at"":""2022-08-07T14:41:16.041Z""}","c2decd71580fd830180665289c6821b15a68705cab18304905d6fa3c3e8f9206","24052bb5c7c2237ebdf5a39914bb6a41c45b2a77215950ddfeca9184a0543bb3","2026-09-05T23:36:28.382825318+00:00","2026-09-05T23:36:28.382825318+00:00","2026-09-05T23:36:28.382825318+00:00","REVIEW_REQUIRED"
"REVIEW_6f6a1372ba89eedf8def","REVIEW_REQUIRED","UNRESOLVED_TITLE_IDENTITY","jm","1212524","jm:1212524","[AI Translated] (C102) [Hello Girls! (10驛)] 青うさぎの奉仕記錄 (ブルーアーカイブ) [中國翻譯]","[""10駅""]","{""canonical_author"":""10驛"",""matched_tokens"":[""10駅""],""rule"":""DIRECT_NORMALIZED""}","[""10驛""]","[""WORK_01166"",""WORK_01167"",""WORK_01168"",""WORK_01169""]","{""chinese"":true,""color"":null,""sample"":null,""translation"":""unknown"",""uncensored"":null}","{""actors"":[""一之瀬明日奈""],""addtime"":""1757123807"",""description"":"""",""series"":[],""series_id"":""0"",""tags"":[""C102"",""巨乳"",""兔女郎"",""連體衣"",""乳交"",""連褲襪"",""中文""],""total_photos"":18,""works"":[""蔚藍檔案"",""碧藍檔案"",""ブルーアーカイブ"",""BlueArchive""]}","ae9b8666f0facd01194efdad2d7d26ecfafa5d984708c73fcc864d99f3ff7b9a","a92ec7a3613581847adb4e06552b906ba28f2e073a859b6ebecb0085abd60079","2026-09-05T23:36:28.382825318+00:00","2026-09-05T23:36:28.382825318+00:00","2026-09-05T23:36:28.382825318+00:00","REVIEW_REQUIRED"
"REVIEW_70745043e0b52534c85f","REVIEW_REQUIRED","UNRESOLVED_TITLE_IDENTITY","jm","1464355","jm:1464355","(C108) [ろいやるびっち (haruhisky)] はるこす 2026・夏 (涼宮ハルヒの憂鬱) [DL版]","[""haruhisky""]","{""canonical_author"":""haruhisky"",""matched_tokens"":[""haruhisky""],""rule"":""DIRECT_EXACT""}","[""haruhisky""]","[""WORK_00001"",""WORK_00068"",""WORK_00799"",""WORK_02582"",""WORK_02583""]","{""chinese"":null,""color"":true,""sample"":null,""translation"":""unknown"",""uncensored"":null}","{""actors"":[""涼宮春日""],""addtime"":""1787383993"",""description"":"""",""series"":[],""series_id"":""0"",""tags"":[""C108"",""全彩"",""日文""],""total_photos"":34,""works"":[""涼宮春日的憂鬱""]}","e941167fb40c553da180b1cc3a9bb01e722aae347e181fdaf6694cf709137fa3","e51d554dd9dec1af8506354de125ede71f3412350a859441daf4f18d6de8c900","2026-09-05T23:36:28.382825318+00:00","2026-09-05T23:36:28.382825318+00:00","2026-09-05T23:36:28.382825318+00:00","REVIEW_REQUIRED"
"REVIEW_709e6f545fa790854d8b","REVIEW_REQUIRED","UNRESOLVED_TITLE_IDENTITY","pica","60577b5512b6a86d5e7ec068","pica:60577b5512b6a86d5e7ec068","Tempt Apple","[""ちまた、trueblue (2-G、あにぃ)""]","{""canonical_author"":""2-G"",""matched_tokens"":[""2-G""],""rule"":""PARENTHESIZED_OFFICIAL_TOKEN""}","[""2-G""]","[""WORK_02657""]","{""chinese"":null,""color"":true,""sample"":null,""translation"":""unknown"",""uncensored"":null}","{""allowDownload"":true,""categories"":[""全彩"",""短篇"",""同人"",""CG雜圖"",""生肉""],""chineseTeam"":"""",""created_at"":""2021-03-21T11:14:59.221Z"",""description"":""全彩图集"",""epsCount"":1,""finished"":false,""pagesCount"":18,""tags"":[""C84"",""全彩"",""巨乳"",""JOJO: 岸邊露伴"",""蘿莉"",""短髮"",""猫耳娘""],""updated_at"":""2021-03-21T16:59:01.765Z""}","efc1818eddb75a011fd9f8bce28a8274b9d7725d2328e0ea06277f078294f73e","366c18a5c44379890760dace6a91c0766a142544ec1f180e83cfd976fc378574","2026-09-05T23:36:28.382825318+00:00","2026-09-05T23:36:28.382825318+00:00","2026-09-05T23:36:28.382825318+00:00","REVIEW_REQUIRED"
"REVIEW_720f1c40f666ece37ef5","REVIEW_REQUIRED","UNCONFIRMED_AUTHOR","jm","103440","jm:103440","[ろいやるびっち (haruhisky)] 水著師匠と戀人エッチする本。 (FGO)","[""ろいやるびっち"",""(haruhisky)""]","{""canonical_author"":null,""matched_tokens"":[],""rule"":""MULTIPLE_RAW_AUTHOR_FIELDS""}","[""haruhisky""]","[]","{""chinese"":true,""color"":null,""sample"":null,""translation"":""unknown"",""uncensored"":null}","{""actors"":[],""addtime"":""1556266913"",""description"":"""",""series"":[],""series_id"":""0"",""tags"":[""FGO"",""師匠"",""中文""],""total_photos"":24,""works"":[]}","1e67250aa8d9d9837642928e2f9a409e35a42d0422f32135c1fe3a8fc635cc97","a517da1c910ee9eed6525a3dddfce026f1e17871423c37a765de29d7d18780d9","2026-09-05T23:36:28.382825318+00:00","2026-09-05T23:36:28.382825318+00:00","2026-09-05T23:36:28.382825318+00:00","REVIEW_REQUIRED"
"REVIEW_733ceca62a379687ffc0","REVIEW_REQUIRED","UNRESOLVED_TITLE_IDENTITY","jm","205999","jm:205999","[空氣系☆漢化] [ろいやるびっち (haruhisky)] バニー獅子王が騙されてHなお仕事をしちゃう本 (Fate/Grand Order) [DL版]","[""haruhisky""]","{""canonical_author"":""haruhisky"",""matched_tokens"":[""haruhisky""],""rule"":""DIRECT_EXACT""}","[""haruhisky""]","[""WORK_00001"",""WORK_00068"",""WORK_00799"",""WORK_02582"",""WORK_02583""]","{""chinese"":true,""color"":null,""sample"":null,""translation"":""unknown"",""uncensored"":true}","{""actors"":[""阿爾托莉亞"",""騎士王""],""addtime"":""1595140884"",""description"":"""",""series"":[],""series_id"":""0"",""tags"":[""無修正"",""兔女郎"",""巨乳"",""馬尾"",""懷孕"",""中文""],""total_photos"":28,""works"":[""FGO""]}","0fa2d05b707531d0c8edd635003b579daa2afd38ea6f97923bd868644f0d20bd","04f0554b75f87069e07558d0f3b4eacb78115a74eb242037c7775a031284cc94","2026-09-05T23:36:28.382825318+00:00","2026-09-05T23:36:28.382825318+00:00","2026-09-05T23:36:28.382825318+00:00","REVIEW_REQUIRED"
"REVIEW_73d58518b70a9bc26812","REVIEW_REQUIRED","UNRESOLVED_TITLE_IDENTITY","jm","1466043","jm:1466043","[Hello Girls! (10驛)] 鄰人付き愛_〜欲求不満のおすそ分け〜","[""10駅""]","{""canonical_author"":""10驛"",""matched_tokens"":[""10駅""],""rule"":""DIRECT_NORMALIZED""}","[""10驛""]","[""WORK_01166"",""WORK_01167"",""WORK_01168"",""WORK_01169""]","{""chinese"":true,""color"":null,""sample"":null,""translation"":""unknown"",""uncensored"":null}","{""actors"":[],""addtime"":""1787800353"",""description"":"""",""series"":[],""series_id"":""0"",""tags"":[""巨乳"",""人妻"",""出軌"",""中文""],""total_photos"":25,""works"":[]}","9bd3097c970fae6e55866991235a36b4b845f40b2eaf3c6776057e5bcdb113e5","2a7fe4d27c74500fb9a1d67b03abed574c15bfc079b67e071cd6f83521f81125","2026-09-05T23:36:28.382825318+00:00","2026-09-05T23:36:28.382825318+00:00","2026-09-05T23:36:28.382825318+00:00","REVIEW_REQUIRED"
"REVIEW_749b2933d59ab608c69f","REVIEW_REQUIRED","UNCONFIRMED_AUTHOR","jm","81173","jm:81173","(C90) [ろいやるびっち (haruhisky)] はるこす (涼宮ハルヒの憂鬱) [DL版]","[]","{""canonical_author"":null,""matched_tokens"":[],""rule"":""NO_CONFIRMED_AUTHOR_EVIDENCE""}","[""haruhisky""]","[]","{""chinese"":null,""color"":null,""sample"":null,""translation"":""unknown"",""uncensored"":null}","{""actors"":[],""addtime"":""1533069320"",""description"":"""",""series"":[],""series_id"":""0"",""tags"":[""275""],""total_photos"":22,""works"":[]}","e3502860d939b918eb1910c67823de4b93fa72a478319e994ad865a13c64b6f4","d5e0a7202f49d6a1f9b2db3970e83df5fe81b558edd1726b1a0764115c178e55","2026-09-05T23:36:28.382825318+00:00","2026-09-05T23:36:28.382825318+00:00","2026-09-05T23:36:28.382825318+00:00","REVIEW_REQUIRED"
"REVIEW_7595cea3f5b70993d801","REVIEW_REQUIRED","UNRESOLVED_TITLE_IDENTITY","jm","376515","jm:376515","(C100) [HoneyRoad (Bee導師)] アリサ 貪欲な王の罠 (オリジナル) [DL版]","[""Bee導師""]","{""canonical_author"":""Bee導師"",""matched_tokens"":[""Bee導師""],""rule"":""DIRECT_EXACT""}","[""Bee導師""]","[""WORK_01172"",""WORK_01173"",""WORK_01175""]","{""chinese"":null,""color"":null,""sample"":null,""translation"":""unknown"",""uncensored"":null}","{""actors"":[],""addtime"":""1662541838"",""description"":""https://www.dlsite.com/maniax/work/=/product_id/RJ407637.html\r\n\r\n有能力的朋友請支持正版。\r\n\r\n下藥還被發現，這個國王就是遜啦"",""series"":[],""series_id"":""0"",""tags"":[""C100"",""日文"",""巨乳"",""中出""],""total_photos"":22,""works"":[]}","e2afc2c357c9d40e4c9b314767cab4de1b726246bc94c0b8a471d0f65f38b3a0","6b7513f2c48115776ff422527bc228820d7ca9c8e299445f80d22c799c2788c8","2026-09-05T23:36:28.382825318+00:00","2026-09-05T23:36:28.382825318+00:00","2026-09-05T23:36:28.382825318+00:00","REVIEW_REQUIRED"
"REVIEW_75a13f2bdd7a590ab4ea","REVIEW_REQUIRED","UNCONFIRMED_AUTHOR","jm","84653","jm:84653","[龜速昂貴品質淒慘漢化組][ろいやるびっち (haruhisky)] JKギャルに轉生したのでパッコパコ♥ [DL版]","[]","{""canonical_author"":null,""matched_tokens"":[],""rule"":""NO_CONFIRMED_AUTHOR_EVIDENCE""}","[""haruhisky""]","[]","{""chinese"":true,""color"":null,""sample"":null,""translation"":""unknown"",""uncensored"":null}","{""actors"":[],""addtime"":""1538252265"",""description"":""龜速昂貴品質淒慘漢化組翻譯：不迅速改圖：不便宜校對：品質不可https://e-hentai.org/g/1293669/8769c6be63/"",""series"":[],""series_id"":""0"",""tags"":[""龜速昂貴品質淒慘漢化組"",""ろいやるびっち"",""haruhisky"",""jkギャルに転生したのでパッコパコ"",""dl版"",""中文""],""total_photos"":19,""works"":[]}","16b1812746262d4ee10478fcb219f9b2105496e870c4f25f5f54f3a7fb00e719","8b1a2cf36633fa1b44de72b624490d9f20d96ae968d12f420b06c0d08e6231bf","2026-09-05T23:36:28.382825318+00:00","2026-09-05T23:36:28.382825318+00:00","2026-09-05T23:36:28.382825318+00:00","REVIEW_REQUIRED"
"REVIEW_76824ba4495a4b2d60d7","REVIEW_REQUIRED","UNRESOLVED_TITLE_IDENTITY","pica","613719cb0dac716f6a9efaf8","pica:613719cb0dac716f6a9efaf8","姉は親父に抱かれてる 1-3 (オリジナル) [DL版]","[""ろいやるびっち (haruhisky)""]","{""canonical_author"":""haruhisky"",""matched_tokens"":[""haruhisky""],""rule"":""PARENTHESIZED_OFFICIAL_TOKEN""}","[""haruhisky""]","[""WORK_00001"",""WORK_00068"",""WORK_00799"",""WORK_02582"",""WORK_02583""]","{""chinese"":null,""color"":null,""sample"":null,""translation"":""unknown"",""uncensored"":null}","{""allowDownload"":true,""categories"":[""長篇"",""生肉"",""姐姐系""],""chineseTeam"":"""",""created_at"":""2021-09-05T06:20:51.707Z"",""description"":""总的来说就是姐姐和义父好上了。惨弟弟惨"",""epsCount"":3,""finished"":true,""pagesCount"":217,""tags"":[""C97"",""口交"",""校服"",""溫泉"",""浴衣"",""巨乳"",""中出"",""性玩具"",""妊娠"",""懷孕""],""updated_at"":""2021-09-07T07:50:35.529Z""}","904310d04f0ec866bdc38bfe781bed17e34394855e4178bda2d736b6248c3951","32a26f51d4779608323b0ebe3460bf4d270b41532d69784026faff7e22c7d0a4","2026-09-05T23:36:28.382825318+00:00","2026-09-05T23:36:28.382825318+00:00","2026-09-05T23:36:28.382825318+00:00","REVIEW_REQUIRED"
"REVIEW_77219a592ba7c7babfe5","REVIEW_REQUIRED","UNCONFIRMED_AUTHOR","jm","95171","jm:95171","[臉腫漢化組] (C86) [ろいやるびっち (haruhisky)] ちあハル (涼宮ハルヒの憂鬱)","[]","{""canonical_author"":null,""matched_tokens"":[],""rule"":""NO_CONFIRMED_AUTHOR_EVIDENCE""}","[""haruhisky""]","[]","{""chinese"":true,""color"":null,""sample"":null,""translation"":""unknown"",""uncensored"":null}","{""actors"":[],""addtime"":""1547712929"",""description"":""[臉腫漢化組] (C86) [ろいやるびっち (haruhisky)] ちあハル (涼宮ハルヒの憂鬱)"",""series"":[],""series_id"":""0"",""tags"":[""臉腫漢化組"",""ろいやるびっち"",""haruhisky"",""ちあハル"",""涼宮ハルヒの憂鬱"",""中文""],""total_photos"":21,""works"":[]}","8fff5112c78762740b57bcebaec9fca492b4783e2f7f9e9c6597cb701bb6e46d","6fd129e2b410ba6380839b3e58c6f5f058e29d37e732394bdc5508e636a8dcd4","2026-09-05T23:36:28.382825318+00:00","2026-09-05T23:36:28.382825318+00:00","2026-09-05T23:36:28.382825318+00:00","REVIEW_REQUIRED"
"REVIEW_775aa840f75fea91f68d","REVIEW_REQUIRED","UNRESOLVED_TITLE_IDENTITY","pica","633860a37c2b0c1abb3b85c1","pica:633860a37c2b0c1abb3b85c1","[無修正] 凉宫春日•酥胸肥屄CG图集","[""ろいやるびっち (Haruhisky)""]","{""canonical_author"":""haruhisky"",""matched_tokens"":[""Haruhisky""],""rule"":""PARENTHESIZED_OFFICIAL_TOKEN""}","[""haruhisky""]","[""WORK_00001"",""WORK_00068"",""WORK_00799"",""WORK_02582"",""WORK_02583""]","{""chinese"":null,""color"":true,""sample"":null,""translation"":""unknown"",""uncensored"":true}","{""allowDownload"":true,""categories"":[""全彩"",""長篇"",""同人"",""CG雜圖""],""chineseTeam"":"""",""created_at"":""2022-09-30T09:18:38.422Z"",""description"":""Haruhisky老师的凉宫春日神作系列，无码的呦🤤\n\n"",""epsCount"":10,""finished"":false,""pagesCount"":465,""tags"":[""無修正"",""全彩"",""涼宮春日系列"",""女高中生(JK) "",""校服"",""泳裝"",""學校泳裝 / 死庫水"",""啦啦隊"",""兔女娘"",""制服"",""緊身衣"",""獸耳"",""運動服"",""COSPLAY"",""女僕"",""情趣內衣"",""短髮"",""巨乳"",""調教"",""電車痴漢""],""updated_at"":""2023-08-13T16:46:03.378Z""}","2f0ff8b41a5ebd273fe6bb694eca799baa716d2bc0a13401ee472b69b5a159bf","76276f9f5c425536987bece5016bc864f0798f6462dd8507981cf5fb04169496","2026-09-05T23:36:28.382825318+00:00","2026-09-05T23:36:28.382825318+00:00","2026-09-05T23:36:28.382825318+00:00","REVIEW_REQUIRED"
"REVIEW_77be9476690298953531","REVIEW_REQUIRED","UNRESOLVED_TITLE_IDENTITY","jm","407859","jm:407859","最強JK庫諾被奪走處女 [3104] 最強のJKくノ一が催眠術で処女を奪われた件 [中國翻譯] [DL版]","[""3104""]","{""canonical_author"":""3104"",""matched_tokens"":[""3104""],""rule"":""DIRECT_EXACT""}","[""3104""]","[""WORK_00097"",""WORK_00098""]","{""chinese"":true,""color"":null,""sample"":null,""translation"":""unknown"",""uncensored"":null}","{""actors"":[],""addtime"":""1672516386"",""description"":"""",""series"":[],""series_id"":""0"",""tags"":[""巨乳"",""束縛"",""遮眼"",""手套"",""女忍者"",""馬尾"",""強暴"",""過膝襪"",""中文""],""total_photos"":38,""works"":[]}","5a4a2b9bb9c4a1d98f3ee35ad38ca7c49fb74ef7c020e2a0bb150fe0b4780e9d","b75f3803301bfb9949dbe1d290aab374617783a571b8da4df396b3b38f20af6a","2026-09-05T23:36:28.382825318+00:00","2026-09-05T23:36:28.382825318+00:00","2026-09-05T23:36:28.382825318+00:00","REVIEW_REQUIRED"
"REVIEW_7ccaa72edee4f1af7751","REVIEW_REQUIRED","UNRESOLVED_TITLE_IDENTITY","jm","239742","jm:239742","[黑色彼岸花個人漢化] (C86) [ろいやるびっち (haruhisky)] くーねるすまた (くーねるまるた) [中國翻譯]","[""haruhisky""]","{""canonical_author"":""haruhisky"",""matched_tokens"":[""haruhisky""],""rule"":""DIRECT_EXACT""}","[""haruhisky""]","[""WORK_00001"",""WORK_00068"",""WORK_00799"",""WORK_02582"",""WORK_02583""]","{""chinese"":true,""color"":null,""sample"":null,""translation"":""unknown"",""uncensored"":null}","{""actors"":[],""addtime"":""1613191769"",""description"":"""",""series"":[],""series_id"":""0"",""tags"":[""C86"",""口交"",""過膝襪"",""中文""],""total_photos"":24,""works"":[""くーねるまるたぬ""]}","9ebfd02f99dc27b5210ec757761095b03a60496edd5cdc0cf0f3a80bc7a34c8c","fe6c4c122585e2656b4fc941d6d02f17dad84ca54908d4c906064fb23e36a2c6","2026-09-05T23:36:28.382825318+00:00","2026-09-05T23:36:28.382825318+00:00","2026-09-05T23:36:28.382825318+00:00","REVIEW_REQUIRED"
"REVIEW_7d59e432e51f89f1cbd3","REVIEW_REQUIRED","UNRESOLVED_TITLE_IDENTITY","pica","69f3980f07e6c5575129cca2","pica:69f3980f07e6c5575129cca2","コンビニのバイトJKはXXLサイズのコンドームを買うお客さんが気になって仕方ない","[""一億万軒茶屋(2-G)""]","{""canonical_author"":""2-G"",""matched_tokens"":[""2-G""],""rule"":""PARENTHESIZED_OFFICIAL_TOKEN""}","[""2-G""]","[""WORK_02657""]","{""chinese"":null,""color"":null,""sample"":null,""translation"":""unknown"",""uncensored"":null}","{""allowDownload"":true,""categories"":[""短篇""],""chineseTeam"":"""",""created_at"":""2026-04-29T15:28:48.418Z"",""description"":"""",""epsCount"":2,""finished"":true,""pagesCount"":32,""tags"":[""巨乳"",""口交"",""口爆"",""騎乗"",""中出""],""updated_at"":""2026-05-05T15:54:46.251Z""}","8addaff38989c61b7f7f2ccc09c2679a1297fa284fc084a0e48f6206d7529311","6162f99ce3460b2b8861d826f9f210a55ac7bff3c0747fddef7373891360b616","2026-09-05T23:36:28.382825318+00:00","2026-09-05T23:36:28.382825318+00:00","2026-09-05T23:36:28.382825318+00:00","REVIEW_REQUIRED"
"REVIEW_7d885669893d3178c165","REVIEW_REQUIRED","UNRESOLVED_TITLE_IDENTITY","jm","411005","jm:411005","[996重嵌] [灰羽社漢化] (C88) [ろいやるびっち (haruhisky)] くーねるすまた2 (くーねるまるた) [中國翻譯] [無修正]","[""haruhisky""]","{""canonical_author"":""haruhisky"",""matched_tokens"":[""haruhisky""],""rule"":""DIRECT_EXACT""}","[""haruhisky""]","[""WORK_00001"",""WORK_00068"",""WORK_00799"",""WORK_02582"",""WORK_02583""]","{""chinese"":true,""color"":null,""sample"":null,""translation"":""unknown"",""uncensored"":true}","{""actors"":[],""addtime"":""1673031173"",""description"":"""",""series"":[],""series_id"":""0"",""tags"":[""肛交"",""內衣"",""群交"",""劇情向"",""無修正"",""中文""],""total_photos"":26,""works"":[]}","0386db195a415f717775afab57206755976613a4e166404f6e10f5a2011c4fd5","edfbc781a2be5fe92901e010eb4697d29f8fdd51407f122a30ef02687abe7584","2026-09-05T23:36:28.382825318+00:00","2026-09-05T23:36:28.382825318+00:00","2026-09-05T23:36:28.382825318+00:00","REVIEW_REQUIRED"
"REVIEW_7f8cc24c0058f44e4040","REVIEW_REQUIRED","UNRESOLVED_TITLE_IDENTITY","jm","1196395","jm:1196395","[空氣系☆漢化] [3104丁目 (3104)] 紫のショウメイ〜オレンジに變わったら〜 [中國翻譯] [DL版]","[""3104""]","{""canonical_author"":""3104"",""matched_tokens"":[""3104""],""rule"":""DIRECT_EXACT""}","[""3104""]","[""WORK_00097"",""WORK_00098""]","{""chinese"":true,""color"":null,""sample"":null,""translation"":""unknown"",""uncensored"":null}","{""actors"":[],""addtime"":""1752324517"",""description"":"""",""series"":[],""series_id"":""0"",""tags"":[""校園"",""校服"",""巨乳"",""NTR"",""馬尾"",""劇情向"",""中文""],""total_photos"":33,""works"":[]}","1e0dbc8364294e9b927c61608b32298d4ca3c7dcb444004b38d7ab675190d993","b6abc2c762883618789add0c9cbdbd9cc987da0a4292dc78539d1a36b999abeb","2026-09-05T23:36:28.382825318+00:00","2026-09-05T23:36:28.382825318+00:00","2026-09-05T23:36:28.382825318+00:00","REVIEW_REQUIRED"
"REVIEW_810475b8947738cee5cb","REVIEW_REQUIRED","UNRESOLVED_TITLE_IDENTITY","pica","6131be0faf9fc16f52ded42c","pica:6131be0faf9fc16f52ded42c"," 水着師匠と恋人エッチする本。 (Fate/Grand Order) [中国翻訳] [DL版]","[""ろいやるびっち (haruhisky)""]","{""canonical_author"":""haruhisky"",""matched_tokens"":[""haruhisky""],""rule"":""PARENTHESIZED_OFFICIAL_TOKEN""}","[""haruhisky""]","[""WORK_00001"",""WORK_00068"",""WORK_00799"",""WORK_02582"",""WORK_02583""]","{""chinese"":null,""color"":null,""sample"":null,""translation"":""unknown"",""uncensored"":null}","{""allowDownload"":true,""categories"":[""短篇"",""同人"",""純愛"",""Fate""],""chineseTeam"":""黎欧×新桥月白日语社"",""created_at"":""2021-09-02T14:43:21.286Z"",""description"":""虽然已经知道有汉化但还是再做了一遍"",""epsCount"":1,""finished"":true,""pagesCount"":22,""tags"":[""Fate / Grand Order"",""FGO: 斯卡哈"",""泳裝""],""updated_at"":""2021-09-03T06:17:51.338Z""}","90b94ff7dbdcabe348419a56407901358f022dd8dacba7ab77581b5b0f4438b0","e700b01d8a3cb5f56c4e16f46de5b151ae3c5b6a91de03c9d182eca075e72f9d","2026-09-05T23:36:28.382825318+00:00","2026-09-05T23:36:28.382825318+00:00","2026-09-05T23:36:28.382825318+00:00","REVIEW_REQUIRED"
"REVIEW_816af9430cb5450f8aca","REVIEW_REQUIRED","UNRESOLVED_TITLE_IDENTITY","jm","1023748","jm:1023748","小美老師各種性交技巧2 [ろいやるびっち (haruhisky)] みょーちゃん先生かくパコりき 2 (みょーちゃん先生はかく語りき)","[""haruhisky""]","{""canonical_author"":""haruhisky"",""matched_tokens"":[""haruhisky""],""rule"":""DIRECT_EXACT""}","[""haruhisky""]","[""WORK_00001"",""WORK_00068"",""WORK_00799"",""WORK_02582"",""WORK_02583""]","{""chinese"":true,""color"":null,""sample"":null,""translation"":""unknown"",""uncensored"":null}","{""actors"":[],""addtime"":""1732285965"",""description"":"""",""series"":[],""series_id"":""0"",""tags"":[""巨乳"",""泳裝"",""兔女郎"",""啦啦隊"",""角色扮演"",""內衣"",""中出"",""中文""],""total_photos"":35,""works"":[]}","195b906c54414ce29a3db5be2eebb1d00c0bcc88bd48c71081f9c2eb3d99fe4a","f7594972284c531100eb3c3870b8038b80fa0a9aa2780793e12cc95e8486a359","2026-09-05T23:36:28.382825318+00:00","2026-09-05T23:36:28.382825318+00:00","2026-09-05T23:36:28.382825318+00:00","REVIEW_REQUIRED"
"REVIEW_81737280be3349015ece","REVIEW_REQUIRED","UNRESOLVED_TITLE_IDENTITY","jm","1460892","jm:1460892","(C108) [ろいやるびっち (haruhisky)] ゴブリンたちの雌になるまで ランサーアルトリア編 (Fate/grand order) [Chinese] [路人漢化]","[""haruhisky""]","{""canonical_author"":""haruhisky"",""matched_tokens"":[""haruhisky""],""rule"":""DIRECT_EXACT""}","[""haruhisky""]","[""WORK_00001"",""WORK_00068"",""WORK_00799"",""WORK_02582"",""WORK_02583""]","{""chinese"":true,""color"":null,""sample"":null,""translation"":""unknown"",""uncensored"":null}","{""actors"":[""阿爾托莉雅·潘德拉貢""],""addtime"":""1786607337"",""description"":""(C108) [Royal Bitch (haruhisky)] Goblin-tachi no Mesu ni Naru made Lancer Artoria Hen (Fate/Grand Order)"",""series"":[],""series_id"":""0"",""tags"":[""C108"",""巨乳"",""哥布林"",""群交"",""中出"",""中文""],""total_photos"":50,""works"":[""FGO"",""Fate/GrandOrder"",""命運/冠位指定""]}","0050754eba9e26e7e753c12c1412380e4809fbf05bc28212db212d8c8d3b3ed5","10b44e34bcb0b373dc8167fe311b5ff27f117638775f2cf05db6818efbe297e9","2026-09-05T23:36:28.382825318+00:00","2026-09-05T23:36:28.382825318+00:00","2026-09-05T23:36:28.382825318+00:00","REVIEW_REQUIRED"
"REVIEW_82aed81bbbfab65c599e","REVIEW_REQUIRED","UNRESOLVED_TITLE_IDENTITY","pica","5e0e03ca5ed75427ee617104","pica:5e0e03ca5ed75427ee617104","散ルアウト (アイドルマスター シャイニーカラーズ) [DL版]","[""3104丁目 (3104)""]","{""canonical_author"":""3104"",""matched_tokens"":[""3104""],""rule"":""PARENTHESIZED_OFFICIAL_TOKEN""}","[""3104""]","[""WORK_00097"",""WORK_00098""]","{""chinese"":null,""color"":null,""sample"":null,""translation"":""unknown"",""uncensored"":null}","{""allowDownload"":true,""categories"":[""短篇"",""同人"",""生肉"",""NTR""],""chineseTeam"":""无"",""created_at"":""2020-01-01T07:20:41.467Z"",""description"":""。。。。。。。。。。。。。。。。。。。。。。。。。。。。。。。。。。。。。。。。。。。。。。。。。。。。。。。。。。。。没啥可多说的剧情"",""epsCount"":1,""finished"":true,""pagesCount"":25,""tags"":[""偶像大師"",""C96"",""巨乳"",""野外 / 露出"",""調教""],""updated_at"":""2020-01-02T14:52:58.958Z""}","00345f4a6f711279e334c11960158678447502f726227d13ccb7b2343e543c3c","55c60360bb970bbaa4019f58171649304c2f07141b841c2bf405943896fb04a7","2026-09-05T23:36:28.382825318+00:00","2026-09-05T23:36:28.382825318+00:00","2026-09-05T23:36:28.382825318+00:00","REVIEW_REQUIRED"
"REVIEW_85ade9b5f02aa95e933b","REVIEW_REQUIRED","UNKNOWN_LOCAL_VERSION","pica","5ef4e9131b877a1ddde7d357","pica:5ef4e9131b877a1ddde7d357","悲しみが嫌いだったら ","[""3104丁目 (3104)""]","{""canonical_author"":""3104"",""matched_tokens"":[""3104""],""rule"":""PARENTHESIZED_OFFICIAL_TOKEN""}","[""3104""]","[""WORK_00097""]","{""chinese"":null,""color"":null,""sample"":null,""translation"":""unknown"",""uncensored"":null}","{""allowDownload"":true,""categories"":[""短篇"",""NTR"",""強暴""],""chineseTeam"":""天煌汉化组"",""created_at"":""2020-06-25T16:38:23.016Z"",""description"":""天煌汉化组授权上传\n\n本来是不想搭c98这趟浑水的，想专心把打捞的部分做完。但奈何这本实在是太好用了，也担心这么实用的本子会不会大型车祸现场，所以直接爆肝做完了。\n\n然后总得来说，因为文本大多是标准日式语法或特殊俚语，所以对我们这种混子翻译造成了重大打击 \n\n同时因为委婉——日语的一种独特风格，简单来说就是模棱两可的表意——句实在是太多了，润色成分相当之高，不过大体上应该都没错"",""epsCount"":1,""finished"":false,""pagesCount"":34,""tags"":[""青梅竹馬"",""NTR"",""巨乳"",""洗腦 / 催眠"",""長筒襪"",""女忍"",""強暴"",""中出"",""阿嘿顏"",""蹦壞臉"",""墮落"",""馬尾"",""口交""],""updated_at"":""2020-06-25T18:12:35.770Z""}","23c48b0c5dd963d05bf8ca48ed5ae5219bb1b88560728715a7eefb0b4ee882eb","e4a59d68abeb722a731786661fc45336462d917c87dc277fa2d2417657a5050f","2026-09-05T23:36:28.382825318+00:00","2026-09-05T23:36:28.382825318+00:00","2026-09-05T23:36:28.382825318+00:00","REVIEW_REQUIRED"
"REVIEW_868719adf74eb676cc6a","REVIEW_REQUIRED","UNRESOLVED_TITLE_IDENTITY","pica","6320fb480fc2c153fd215387","pica:6320fb480fc2c153fd215387","(C100)  アリサ 貪欲な王の罠 (オリジナル) [DL版]","[""HoneyRoad (Bee導師)""]","{""canonical_author"":""Bee導師"",""matched_tokens"":[""Bee導師""],""rule"":""PARENTHESIZED_OFFICIAL_TOKEN""}","[""Bee導師""]","[""WORK_01172"",""WORK_01173"",""WORK_01175""]","{""chinese"":null,""color"":null,""sample"":null,""translation"":""unknown"",""uncensored"":null}","{""allowDownload"":true,""categories"":[""短篇"",""強暴""],""chineseTeam"":""不明"",""created_at"":""2022-09-13T19:07:32.249Z"",""description"":""剧情向"",""epsCount"":1,""finished"":true,""pagesCount"":22,""tags"":[""巨乳"",""強暴"",""強制高潮"",""女騎士"",""媚藥""],""updated_at"":""2022-09-13T21:51:04.824Z""}","27015775947000645fead01896fe6cacdcb3c67a2a92af893888bb1db50b8fc8","92a0741b7670df462a455fc2e5c37820875c8e01e38e00776f31e424aec2cb83","2026-09-05T23:36:28.382825318+00:00","2026-09-05T23:36:28.382825318+00:00","2026-09-05T23:36:28.382825318+00:00","REVIEW_REQUIRED"
"REVIEW_86f1d600c5add1ca5fc5","REVIEW_REQUIRED","UNRESOLVED_TITLE_IDENTITY","jm","1206249","jm:1206249","(C106) [Hello Girls! (10驛)] 甘々人形","[""10駅""]","{""canonical_author"":""10驛"",""matched_tokens"":[""10駅""],""rule"":""DIRECT_NORMALIZED""}","[""10驛""]","[""WORK_01166"",""WORK_01167"",""WORK_01168"",""WORK_01169""]","{""chinese"":null,""color"":null,""sample"":null,""translation"":""unknown"",""uncensored"":null}","{""actors"":[],""addtime"":""1755419228"",""description"":"""",""series"":[],""series_id"":""0"",""tags"":[""C106"",""巨乳"",""泳裝"",""口交"",""多重口交"",""口交"",""中出"",""群交"",""日文""],""total_photos"":20,""works"":[]}","d5b3fee0c3e4f56f1ce25b7f9de3d43eeb096fac0b435193499b7c3a87f0db5a","9d6a31d90cf83f048541a6f503cab3a63f0bb9808eb4d522ce265995f6d8cb68","2026-09-05T23:36:28.382825318+00:00","2026-09-05T23:36:28.382825318+00:00","2026-09-05T23:36:28.382825318+00:00","REVIEW_REQUIRED"
"REVIEW_87fc1e3afdf58eca8d05","REVIEW_REQUIRED","UNRESOLVED_TITLE_IDENTITY","pica","6630e08dfe2ca401c4b2ab34","pica:6630e08dfe2ca401c4b2ab34","妻が、他人の雌になるまで―ショートカット巨乳妻・佐々木美咲編― [中国语]","[""ろいやるびっち (haruhisky)""]","{""canonical_author"":""haruhisky"",""matched_tokens"":[""haruhisky""],""rule"":""PARENTHESIZED_OFFICIAL_TOKEN""}","[""haruhisky""]","[""WORK_00001"",""WORK_00068"",""WORK_00799"",""WORK_02582"",""WORK_02583""]","{""chinese"":null,""color"":null,""sample"":null,""translation"":""unknown"",""uncensored"":null}","{""allowDownload"":true,""categories"":[""長篇"",""人妻"",""NTR""],""chineseTeam"":""不明（中国语）"",""created_at"":""2023-07-19T07:28:17.895Z"",""description"":""委托代传，"",""epsCount"":1,""finished"":true,""pagesCount"":83,""tags"":[""人妻"",""巨乳"",""鄰居"",""熟女"",""中出"",""口交"",""懷孕""],""updated_at"":""2024-04-30T12:14:05.105Z""}","6171916f8627f7140aa170174fbf75bb5d1e4f93b01ba273f91f6e5acae384a5","c9b282ea7b67d74d4439509d3ab4a682ebdbb25d032613ae0a2afa61b198d34e","2026-09-05T23:36:28.382825318+00:00","2026-09-05T23:36:28.382825318+00:00","2026-09-05T23:36:28.382825318+00:00","REVIEW_REQUIRED"
"REVIEW_8a7f5924e901f70948f5","REVIEW_REQUIRED","UNRESOLVED_TITLE_IDENTITY","jm","625249","jm:625249","[KK個人漢化] (C104) [ろいやるびっち (haruhisky)] SOS團ソープへようこそ (涼宮ハルヒの憂鬱) [中國翻譯] [DL版]","[""haruhisky""]","{""canonical_author"":""haruhisky"",""matched_tokens"":[""haruhisky""],""rule"":""DIRECT_EXACT""}","[""haruhisky""]","[""WORK_00001"",""WORK_00068"",""WORK_00799"",""WORK_02582"",""WORK_02583""]","{""chinese"":true,""color"":null,""sample"":null,""translation"":""unknown"",""uncensored"":null}","{""actors"":[""涼宮春日"",""朝比奈實玖瑠"",""長門有希""],""addtime"":""1724653372"",""description"":"""",""series"":[],""series_id"":""0"",""tags"":[""C104"",""肛交"",""兔女郎"",""中出"",""援交"",""群交"",""中文""],""total_photos"":28,""works"":[""涼宮春日的憂鬱"",""涼宮ハルヒの憂鬱""]}","300341a07f088b5f237352a04d231eb8e18dc43342d136ddb461649d02bad023","f10197978339d41324adbbd6f45fed392c816e4040467093886dd38afba325fd","2026-09-05T23:36:28.382825318+00:00","2026-09-05T23:36:28.382825318+00:00","2026-09-05T23:36:28.382825318+00:00","REVIEW_REQUIRED"
"REVIEW_8b87a3c0d6ad777c0e19","REVIEW_REQUIRED","UNRESOLVED_TITLE_IDENTITY","jm","408469","jm:408469","(C101)[ろいやるびっち (Haruhisky)] はるこす14 (涼宮ハルヒの憂鬱) [DL版]","[""Haruhisky""]","{""canonical_author"":""haruhisky"",""matched_tokens"":[""Haruhisky""],""rule"":""DIRECT_NORMALIZED""}","[""haruhisky""]","[""WORK_00001"",""WORK_00068"",""WORK_00799"",""WORK_02582"",""WORK_02583""]","{""chinese"":null,""color"":true,""sample"":null,""translation"":""unknown"",""uncensored"":true}","{""actors"":[],""addtime"":""1672597494"",""description"":"""",""series"":[],""series_id"":""0"",""tags"":[""C101"",""角色扮演"",""懷孕"",""畫冊"",""全彩"",""無修正"",""日文""],""total_photos"":50,""works"":[""涼宮春日的憂鬱""]}","8842f07e86e98007941ad7cd3070ea2ff7a572699ec75dd70024b9b62a50e275","fb0457094630b7aad2aacb26441b23f2942f969978f74755cd51e18dd374f3b4","2026-09-05T23:36:28.382825318+00:00","2026-09-05T23:36:28.382825318+00:00","2026-09-05T23:36:28.382825318+00:00","REVIEW_REQUIRED"
"REVIEW_8df2f800e7c38c9fb85c","REVIEW_REQUIRED","UNCONFIRMED_AUTHOR","jm","142119","jm:142119","[ろいやるびっち (haruhisky)] バニー師子王が騙されてHなお仕事をしちゃう本 (FateGrand Order)","[]","{""canonical_author"":null,""matched_tokens"":[],""rule"":""NO_CONFIRMED_AUTHOR_EVIDENCE""}","[""haruhisky""]","[]","{""chinese"":null,""color"":null,""sample"":null,""translation"":""unknown"",""uncensored"":null}","{""actors"":[],""addtime"":""1573957795"",""description"":"""",""series"":[],""series_id"":""0"",""tags"":[""ろいやるびっち"",""haruhisky"",""バニー師子王が騙されてhなお仕事をしちゃう本"",""fategrand"",""order""],""total_photos"":26,""works"":[]}","4d210217169b844de64a4df8b48249fc70c6167ce5111b7da3c2dcae8927e165","5750e083c0b648d8e0e65e28de2ad0ed64a4cded31189ec2fa2150328fd4e537","2026-09-05T23:36:28.382825318+00:00","2026-09-05T23:36:28.382825318+00:00","2026-09-05T23:36:28.382825318+00:00","REVIEW_REQUIRED"
"REVIEW_9132f4cbd16590641e99","REVIEW_REQUIRED","UNRESOLVED_TITLE_IDENTITY","jm","8669","jm:8669","[ろいやるびっち(haruhisky)][ちあハル]","[""ろいやるびっち(haruhisky)""]","{""canonical_author"":""haruhisky"",""matched_tokens"":[""haruhisky""],""rule"":""PARENTHESIZED_OFFICIAL_TOKEN""}","[""haruhisky""]","[""WORK_00001"",""WORK_00068"",""WORK_00799"",""WORK_02582"",""WORK_02583""]","{""chinese"":null,""color"":null,""sample"":null,""translation"":""unknown"",""uncensored"":null}","{""actors"":[],""addtime"":""1520981960"",""description"":"""",""series"":[],""series_id"":""0"",""tags"":[""ろいやるびっち"",""巨乳"",""劇情向"",""純愛"",""校服"",""其他校服""],""total_photos"":23,""works"":[]}","30343d133fb163aaeef89720d84473691d4514c815fad51767fb682d47e73599","0c1e6083633a80ff0ec8ab9411a2e61fbea7ba3abb95baf4fa52633eab34a6f5","2026-09-05T23:36:28.382825318+00:00","2026-09-05T23:36:28.382825318+00:00","2026-09-05T23:36:28.382825318+00:00","REVIEW_REQUIRED"
"REVIEW_93198e2ec40a99c19349","REVIEW_REQUIRED","UNRESOLVED_TITLE_IDENTITY","pica","63cffd61a70f2074cabea2c5","pica:63cffd61a70f2074cabea2c5","はるこす14","[""ろいやるびっち (haruhisky)""]","{""canonical_author"":""haruhisky"",""matched_tokens"":[""haruhisky""],""rule"":""PARENTHESIZED_OFFICIAL_TOKEN""}","[""haruhisky""]","[""WORK_00001"",""WORK_00068"",""WORK_00799"",""WORK_02582"",""WORK_02583""]","{""chinese"":null,""color"":true,""sample"":null,""translation"":""unknown"",""uncensored"":true}","{""allowDownload"":true,""categories"":[""全彩"",""同人"",""CG雜圖"",""生肉""],""chineseTeam"":"""",""created_at"":""2023-01-24T02:59:41.690Z"",""description"":""凉宫春日全彩图"",""epsCount"":1,""finished"":false,""pagesCount"":50,""tags"":[""全彩"",""涼宮春日系列"",""短髮"",""校服"",""巨乳"",""兔女娘"",""野外 / 露出"",""啦啦隊"",""無修正"",""柔軟體質 / 體操"",""觸手"",""拘束"",""吊帶襪"",""中出"",""女僕"",""性玩具"",""猫耳娘"",""情趣內衣"",""懷孕"",""角色扮演""],""updated_at"":""2023-01-24T15:46:41.934Z""}","ace504f5b0743655d49ea01e5da0a3ea845abe23d3738d18edfafc052e567747","0e08591b7150156326fbc82d0f0a1c8c32e1fcae2d51558ce4f79a3be7023b7c","2026-09-05T23:36:28.382825318+00:00","2026-09-05T23:36:28.382825318+00:00","2026-09-05T23:36:28.382825318+00:00","REVIEW_REQUIRED"
"REVIEW_93eab6a0f9a29ed7abbf","REVIEW_REQUIRED","UNRESOLVED_TITLE_IDENTITY","pica","6a7e060a9f23f630cfb587db","pica:6a7e060a9f23f630cfb587db","ゴブリンたちの雌になるまで ランサーアルトリア編 (Fate/grand order)","[""ろいやるびっち (haruhisky)""]","{""canonical_author"":""haruhisky"",""matched_tokens"":[""haruhisky""],""rule"":""PARENTHESIZED_OFFICIAL_TOKEN""}","[""haruhisky""]","[""WORK_00001"",""WORK_00068"",""WORK_00799"",""WORK_02582"",""WORK_02583""]","{""chinese"":null,""color"":null,""sample"":null,""translation"":""unknown"",""uncensored"":null}","{""allowDownload"":true,""categories"":[""同人"",""短篇"",""Fate"",""非人類""],""chineseTeam"":""路人漢化"",""created_at"":""2026-08-13T06:47:50.568Z"",""description"":"""",""epsCount"":1,""finished"":true,""pagesCount"":50,""tags"":[""FGO"",""Fate / Grand Order"",""C108"",""Saber"",""巨乳"",""哥布林"",""群交"",""口交"",""懷孕""],""updated_at"":""2026-08-13T17:59:38.116Z""}","b2aee19607de7d27216235d1b5c239553b93bb89c56491763142b119c8d88d20","f35d519a7a38694fa19eb68d7e4c7ce242a5b494011f2686128c1a3d7063631f","2026-09-05T23:36:28.382825318+00:00","2026-09-05T23:36:28.382825318+00:00","2026-09-05T23:36:28.382825318+00:00","REVIEW_REQUIRED"
"REVIEW_96677d6b0febbe7386b0","REVIEW_REQUIRED","UNRESOLVED_TITLE_IDENTITY","pica","5ba7a9d70e01b54aefa5535f","pica:5ba7a9d70e01b54aefa5535f","(C94) 水着師匠と恋人エッチする本。","[""ろいやるびっち (haruhisky)""]","{""canonical_author"":""haruhisky"",""matched_tokens"":[""haruhisky""],""rule"":""PARENTHESIZED_OFFICIAL_TOKEN""}","[""haruhisky""]","[""WORK_00001"",""WORK_00068"",""WORK_00799"",""WORK_02582"",""WORK_02583""]","{""chinese"":null,""color"":null,""sample"":null,""translation"":""unknown"",""uncensored"":null}","{""allowDownload"":true,""categories"":[""同人"",""短篇"",""純愛"",""Fate""],""chineseTeam"":""空気系☆漢化"",""created_at"":""2018-09-23T10:36:17.132Z"",""description"":""师匠~~~"",""epsCount"":1,""finished"":true,""pagesCount"":23,""tags"":[""巨乳"",""Fate / Grand Order""],""updated_at"":""2018-09-23T14:57:27.304Z""}","24412910e224ffc35bdca9bfd91e7e4403f11a909994baad6c474e5623fc24a4","c74473f05482751d79e28d13edaa49b967c39f746062a3cbe1626f59b0a7b03b","2026-09-05T23:36:28.382825318+00:00","2026-09-05T23:36:28.382825318+00:00","2026-09-05T23:36:28.382825318+00:00","REVIEW_REQUIRED"
"REVIEW_96ccb9db092e7417cddd","REVIEW_REQUIRED","UNRESOLVED_TITLE_IDENTITY","pica","5c8cd9d226e04a6cafdc31ff","pica:5c8cd9d226e04a6cafdc31ff","くーねるすまた4 (くーねるまるた)","[""ろいやるびっち (haruhisky)""]","{""canonical_author"":""haruhisky"",""matched_tokens"":[""haruhisky""],""rule"":""PARENTHESIZED_OFFICIAL_TOKEN""}","[""haruhisky""]","[""WORK_00001"",""WORK_00068"",""WORK_00799"",""WORK_02582"",""WORK_02583""]","{""chinese"":null,""color"":null,""sample"":null,""translation"":""unknown"",""uncensored"":null}","{""allowDownload"":true,""categories"":[""同人"",""短篇""],""chineseTeam"":""瓜皮有偿汉化"",""created_at"":""2019-03-16T01:36:29.115Z"",""description"":""吃吃睡睡的玛璐塔 同人"",""epsCount"":1,""finished"":true,""pagesCount"":22,""tags"":[""巨乳"",""口交"",""中出""],""updated_at"":""2019-03-16T11:11:14.807Z""}","6cc77cf56330bef85cf59b13a0007bd809b400f8760911018c7b3f75451b8db0","163a4bbc6358e6e068322c662b7a8525ba5179297e9ab9dbda39428975c3a357","2026-09-05T23:36:28.382825318+00:00","2026-09-05T23:36:28.382825318+00:00","2026-09-05T23:36:28.382825318+00:00","REVIEW_REQUIRED"
"REVIEW_9be5cbee2991624c6afa","REVIEW_REQUIRED","UNRESOLVED_TITLE_IDENTITY","jm","374494","jm:374494","[ろいやるびっち (haruhisky)] 姉は親父に抱かれてる 3 [中國翻譯][無修正]","[""haruhisky""]","{""canonical_author"":""haruhisky"",""matched_tokens"":[""haruhisky""],""rule"":""DIRECT_EXACT""}","[""haruhisky""]","[""WORK_00001"",""WORK_00068"",""WORK_00799"",""WORK_02582"",""WORK_02583""]","{""chinese"":true,""color"":null,""sample"":null,""translation"":""unknown"",""uncensored"":true}","{""actors"":[],""addtime"":""1662098013"",""description"":"""",""series"":[],""series_id"":""0"",""tags"":[""巨乳"",""懷孕"",""亂倫"",""劇情向"",""無修正"",""中文""],""total_photos"":89,""works"":[""姉は親父に抱かれてる""]}","b9de6d7f447945ae623d9f93dc05b8444c7d8aa24c97e491e2139a68c1c96c8f","ebf916589db5efa76f758cd3c33360915938cbb797ef0d9ea71cc77d12014111","2026-09-05T23:36:28.382825318+00:00","2026-09-05T23:36:28.382825318+00:00","2026-09-05T23:36:28.382825318+00:00","REVIEW_REQUIRED"
"REVIEW_9cc3b098bc60f99b62a4","REVIEW_REQUIRED","UNRESOLVED_TITLE_IDENTITY","pica","6131be0aaf9fc16f52ded412","pica:6131be0aaf9fc16f52ded412"," 師匠に土下座して恋人エッチしてもらう本。 (Fate/Grand Order) [中国翻訳] [DL版]","[""ろいやるびっち (haruhisky)""]","{""canonical_author"":""haruhisky"",""matched_tokens"":[""haruhisky""],""rule"":""PARENTHESIZED_OFFICIAL_TOKEN""}","[""haruhisky""]","[""WORK_00001"",""WORK_00068"",""WORK_00799"",""WORK_02582"",""WORK_02583""]","{""chinese"":null,""color"":null,""sample"":null,""translation"":""unknown"",""uncensored"":null}","{""allowDownload"":true,""categories"":[""短篇"",""同人"",""純愛"",""Fate""],""chineseTeam"":""黎欧×新桥月白日语社"",""created_at"":""2021-09-02T14:32:23.717Z"",""description"":""虽然已经知道有汉化但还是再做了一遍"",""epsCount"":1,""finished"":true,""pagesCount"":21,""tags"":[""Fate / Grand Order"",""FGO: 斯卡哈"",""緊身衣"",""女性主導""],""updated_at"":""2021-09-03T06:17:46.886Z""}","6e7a2406fcf288460465c1cc6466b39748383463c2b8c04f1becce59fd35b9e3","f97b68964cc141fb7ebf4ffb19a873dc3e3e60b511e17fc41ccd23b768ddfc4c","2026-09-05T23:36:28.382825318+00:00","2026-09-05T23:36:28.382825318+00:00","2026-09-05T23:36:28.382825318+00:00","REVIEW_REQUIRED"
"REVIEW_9d94deb96007894724ad","REVIEW_REQUIRED","UNRESOLVED_TITLE_IDENTITY","jm","428396","jm:428396","[Haruhisky] セイバーの浮氣SEX (Fate/stay night) [中譯]","[""Haruhisky""]","{""canonical_author"":""haruhisky"",""matched_tokens"":[""Haruhisky""],""rule"":""DIRECT_NORMALIZED""}","[""haruhisky""]","[""WORK_00001"",""WORK_00068"",""WORK_00799"",""WORK_02582"",""WORK_02583""]","{""chinese"":true,""color"":true,""sample"":null,""translation"":""unknown"",""uncensored"":null}","{""actors"":[],""addtime"":""1677576357"",""description"":"""",""series"":[],""series_id"":""0"",""tags"":[""全彩"",""NTR"",""出軌"",""巨乳"",""中出"",""中文""],""total_photos"":17,""works"":[""Fate/stay"",""night""]}","ea8bb8ef1cdb1e5d87fcf11999e4a68ae0316279c83b311810620875c0461096","2f084ec398681bd228791ec42cc1c5292725a06d2fc55071aa9a54d4ce6ac6d6","2026-09-05T23:36:28.382825318+00:00","2026-09-05T23:36:28.382825318+00:00","2026-09-05T23:36:28.382825318+00:00","REVIEW_REQUIRED"
"REVIEW_9da2726ba05d1e49d30f","REVIEW_REQUIRED","UNRESOLVED_TITLE_IDENTITY","pica","60d1517898d3d12a995c2142","pica:60d1517898d3d12a995c2142"," 手繰り寄せる甘い誘惑 (コミックホットミルク 2021年7月号) [中文翻译] [DL版]","[""3104""]","{""canonical_author"":""3104"",""matched_tokens"":[""3104""],""rule"":""DIRECT_EXACT""}","[""3104""]","[""WORK_00097"",""WORK_00098""]","{""chinese"":true,""color"":null,""sample"":null,""translation"":""unknown"",""uncensored"":null}","{""allowDownload"":true,""categories"":[""短篇"",""NTR"",""強暴""],""chineseTeam"":""两面包夹汉化组"",""created_at"":""2021-06-20T17:19:18.096Z"",""description"":""算NTR吧"",""epsCount"":1,""finished"":true,""pagesCount"":25,""tags"":[""巨乳"",""校服"",""劇情"",""蹦壞臉"",""口交"",""調教"",""口爆"",""乳交"",""辣妹"",""墮落""],""updated_at"":""2021-06-22T02:56:56.534Z""}","ef8c5920a4a9b6689e4a4ff0951815be951dcadb21d7be011debc5118e257cdb","1b342b769344af87638d4e86d9ca3b97227372d021170d45b0ff3970403f195d","2026-09-05T23:36:28.382825318+00:00","2026-09-05T23:36:28.382825318+00:00","2026-09-05T23:36:28.382825318+00:00","REVIEW_REQUIRED"
"REVIEW_9e4573b6c7d5f43bd3f9","REVIEW_REQUIRED","UNRESOLVED_TITLE_IDENTITY","jm","262051","jm:262051","[兩面包夾漢化組]  [3104] 手繰り寄せる甘い誘惑 (コミックホットミルク 2021年7月號) [中文翻譯] [DL版]","[""3104""]","{""canonical_author"":""3104"",""matched_tokens"":[""3104""],""rule"":""DIRECT_EXACT""}","[""3104""]","[""WORK_00097"",""WORK_00098""]","{""chinese"":true,""color"":null,""sample"":null,""translation"":""unknown"",""uncensored"":null}","{""actors"":[],""addtime"":""1624255728"",""description"":"""",""series"":[],""series_id"":""0"",""tags"":[""巨乳"",""NTR"",""性勒索"",""校服"",""辣妹"",""群交"",""中文""],""total_photos"":25,""works"":[]}","db9c411512e898c6a58d7e57749c262d37d2cd14f99ecbcebf3fff8098a4231e","bc99de9d9bfe83b0177c3d191fda3d0691d4ff39235a529297ddcdee54a5c974","2026-09-05T23:36:28.382825318+00:00","2026-09-05T23:36:28.382825318+00:00","2026-09-05T23:36:28.382825318+00:00","REVIEW_REQUIRED"
"REVIEW_9e71ae5e01917eb42861","REVIEW_REQUIRED","UNRESOLVED_TITLE_IDENTITY","jm","235554","jm:235554","[不夠色漢化組] [3104丁目 (3104)] HEROINE (アズールレーン) [中國翻譯] [DL版]","[""3104""]","{""canonical_author"":""3104"",""matched_tokens"":[""3104""],""rule"":""DIRECT_EXACT""}","[""3104""]","[""WORK_00097"",""WORK_00098""]","{""chinese"":true,""color"":null,""sample"":null,""translation"":""unknown"",""uncensored"":null}","{""actors"":[""敦克爾克""],""addtime"":""1612077785"",""description"":"""",""series"":[],""series_id"":""0"",""tags"":[""巨乳"",""NTR"",""中文""],""total_photos"":22,""works"":[""碧藍航線"",""アズールレーン""]}","566c205b81f034f0b93b069e3b3cd9798ae4cea0caa86c6826b21227f6659811","904c4e3ea5d639ecef2306772c7fd97d90b74316f3582e20eaae21efaa09868c","2026-09-05T23:36:28.382825318+00:00","2026-09-05T23:36:28.382825318+00:00","2026-09-05T23:36:28.382825318+00:00","REVIEW_REQUIRED"
"REVIEW_9fc08c8d4444de7fa059","REVIEW_REQUIRED","UNRESOLVED_TITLE_IDENTITY","jm","495593","jm:495593","[是小狐狸哦] [3104] 君はイカサマをしている (コミックホットミルク 2022年5月號) [中國翻譯] [DL版]","[""3104""]","{""canonical_author"":""3104"",""matched_tokens"":[""3104""],""rule"":""DIRECT_EXACT""}","[""3104""]","[""WORK_00097"",""WORK_00098""]","{""chinese"":true,""color"":null,""sample"":null,""translation"":""unknown"",""uncensored"":null}","{""actors"":[],""addtime"":""1695179760"",""description"":"""",""series"":[],""series_id"":""0"",""tags"":[""乳貼"",""援交"",""過膝襪"",""中文""],""total_photos"":24,""works"":[]}","ce336e0ceabe2fcd765d20fcbfb8a75879bb523794c4e73e6e3bc36fbb3928da","7c6a72d5173f08a29fef0adfa2d6d9f54bdcbae4b09c224747a178a6d337c06f","2026-09-05T23:36:28.382825318+00:00","2026-09-05T23:36:28.382825318+00:00","2026-09-05T23:36:28.382825318+00:00","REVIEW_REQUIRED"
"REVIEW_a019f66faa13cb6b3415","REVIEW_REQUIRED","UNRESOLVED_TITLE_IDENTITY","jm","95175","jm:95175","(C91) [ろいやるびっち (haruhisky)] くーねるすまた總集編1~3 (くーねるまるた)","[""haruhisky""]","{""canonical_author"":""haruhisky"",""matched_tokens"":[""haruhisky""],""rule"":""DIRECT_EXACT""}","[""haruhisky""]","[""WORK_00001"",""WORK_00068"",""WORK_00799"",""WORK_02582"",""WORK_02583""]","{""chinese"":null,""color"":null,""sample"":null,""translation"":""unknown"",""uncensored"":null}","{""actors"":[],""addtime"":""1547712951"",""description"":""(C91) [ろいやるびっち (haruhisky)] くーねるすまた総集編1~3 (くーねるまるた)"",""series"":[],""series_id"":""0"",""tags"":[""ろいやるびっち"",""haruhisky"",""くーねるすまた総集編1"",""くーねるまるた""],""total_photos"":69,""works"":[]}","4d0b2da7281e39d738a7654c25675919493c2deeb218061d2fa417ca5a46af10","90fc43bde4719187081804fe796e73710fbe57919d55447bbb74577016a4361d","2026-09-05T23:36:28.382825318+00:00","2026-09-05T23:36:28.382825318+00:00","2026-09-05T23:36:28.382825318+00:00","REVIEW_REQUIRED"
"REVIEW_a1b1b892842736d2c17a","REVIEW_REQUIRED","UNRESOLVED_TITLE_IDENTITY","jm","1046982","jm:1046982","[今晚鹿島幹死你個人漢化] [ろいやるびっち (haruhisky)] ムチ宮ハルヒの困惑 (涼宮ハルヒの憂鬱) [中國翻譯] [無修正] [DL版]","[""haruhisky""]","{""canonical_author"":""haruhisky"",""matched_tokens"":[""haruhisky""],""rule"":""DIRECT_EXACT""}","[""haruhisky""]","[""WORK_00001"",""WORK_00068"",""WORK_00799"",""WORK_02582"",""WORK_02583""]","{""chinese"":true,""color"":null,""sample"":null,""translation"":""unknown"",""uncensored"":true}","{""actors"":[""涼宮春日""],""addtime"":""1735632527"",""description"":""[Royal Bitch (haruhisky)] Muchimiya Haruhi no Konwaku (Suzumiya Haruhi no Yuuutsu)"",""series"":[],""series_id"":""0"",""tags"":[""巨乳"",""校服"",""無修正"",""中文""],""total_photos"":34,""works"":[""涼宮春日的憂鬱""]}","51bc535b7ed071c195f354931baf68039fb3152b525e6829f46c3eede5f3ff23","9934bf716a52fcbf34c1e7571848a02a5b5a5eb4ec5e0b1c3c422fce4be3efdc","2026-09-05T23:36:28.382825318+00:00","2026-09-05T23:36:28.382825318+00:00","2026-09-05T23:36:28.382825318+00:00","REVIEW_REQUIRED"
"REVIEW_a28536e75aad797c1fcb","REVIEW_REQUIRED","UNRESOLVED_TITLE_IDENTITY","jm","1247353","jm:1247353","(C107) [ろいやるびっち (haruhisky)] セイバーさん ヤリモクナンパ待ち 溫泉編 (Fate/stay night) [DL版]","[""haruhisky""]","{""canonical_author"":""haruhisky"",""matched_tokens"":[""haruhisky""],""rule"":""DIRECT_EXACT""}","[""haruhisky""]","[""WORK_00001"",""WORK_00068"",""WORK_00799"",""WORK_02582"",""WORK_02583""]","{""chinese"":null,""color"":null,""sample"":null,""translation"":""unknown"",""uncensored"":null}","{""actors"":[""阿爾托莉雅·潘德拉貢"",""遠阪凜""],""addtime"":""1768208221"",""description"":""(C107) [Royal Bitch (haruhisky)] Saber-san Yarimoku Nanpamachi Onsen Hen (Fate/stay night) [Digital]"",""series"":[],""series_id"":""0"",""tags"":[""C107"",""出軌"",""多毛"",""手淫"",""過膝襪"",""雙馬尾"",""群交"",""口交"",""日文""],""total_photos"":39,""works"":[""Fate/StayNight"",""命運/停駐之夜""]}","9c99f9642b9cf0e8c85899ad977d92e756f20df091599ec90eb2881ecc48429f","3dad5368afb5bfe541a8f75cdabe5734d7901cb43720db055185ed7d749d208c","2026-09-05T23:36:28.382825318+00:00","2026-09-05T23:36:28.382825318+00:00","2026-09-05T23:36:28.382825318+00:00","REVIEW_REQUIRED"
"REVIEW_a49f17ac43fe3865454d","REVIEW_REQUIRED","UNRESOLVED_TITLE_IDENTITY","pica","582191805f6b9a4f93e4cd0d","pica:582191805f6b9a4f93e4cd0d","(C86)ちあハル (涼宮ハルヒの憂鬱)","[""ろいやるびっち (haruhisky)""]","{""canonical_author"":""haruhisky"",""matched_tokens"":[""haruhisky""],""rule"":""PARENTHESIZED_OFFICIAL_TOKEN""}","[""haruhisky""]","[""WORK_00001"",""WORK_00068"",""WORK_00799"",""WORK_02582"",""WORK_02583""]","{""chinese"":null,""color"":null,""sample"":null,""translation"":""unknown"",""uncensored"":null}","{""allowDownload"":true,""categories"":[""同人"",""短篇"",""純愛""],""chineseTeam"":""未知"",""created_at"":""2009-05-19T12:47:18.000Z"",""description"":""凉宫同人，团长和阿虚的打情骂俏"",""epsCount"":1,""finished"":true,""pagesCount"":21,""tags"":[],""updated_at"":""2009-05-19T12:47:18.000Z""}","aea32b02d0f859bfa9d6a1c63b010f3938f6330b79acc4af143c9ceefe7e8a5d","ddfbd955b8a397f7bbfd5c08c8359567c0faa49a88cda7fef70e34686057d3c1","2026-09-05T23:36:28.382825318+00:00","2026-09-05T23:36:28.382825318+00:00","2026-09-05T23:36:28.382825318+00:00","REVIEW_REQUIRED"
"REVIEW_a4a54b6c9c36ef8947a4","REVIEW_REQUIRED","UNRESOLVED_TITLE_IDENTITY","jm","213410","jm:213410","[ろいやるびっち (haruhisky)] 姉は親父に抱かれてる 2 おまけイラスト集","[""haruhisky""]","{""canonical_author"":""haruhisky"",""matched_tokens"":[""haruhisky""],""rule"":""DIRECT_EXACT""}","[""haruhisky""]","[""WORK_00001"",""WORK_00068"",""WORK_00799"",""WORK_02582"",""WORK_02583""]","{""chinese"":null,""color"":null,""sample"":null,""translation"":""unknown"",""uncensored"":null}","{""actors"":[],""addtime"":""1631099588"",""description"":""姉は親父に抱かれてる"",""series"":[],""series_id"":""0"",""tags"":[""CG""],""total_photos"":26,""works"":[]}","d7afeab5716a43bbcf8f40152023d7780c90b6e8df8624906fb4f4ad598de035","6f8863c23b8feb89003140f00f1162ce7b4308d353c50286172fffe55d76d8a8","2026-09-05T23:36:28.382825318+00:00","2026-09-05T23:36:28.382825318+00:00","2026-09-05T23:36:28.382825318+00:00","REVIEW_REQUIRED"
"REVIEW_a6e330b25b1d68643d3d","REVIEW_REQUIRED","UNRESOLVED_TITLE_IDENTITY","pica","5d50f9b023846102a39cc942","pica:5d50f9b023846102a39cc942","師匠を孕ませるまででられないシミュレーター2 (Fate/Grand Order))","[""ろいやるびっち (haruhisky)""]","{""canonical_author"":""haruhisky"",""matched_tokens"":[""haruhisky""],""rule"":""PARENTHESIZED_OFFICIAL_TOKEN""}","[""haruhisky""]","[""WORK_00001"",""WORK_00068"",""WORK_00799"",""WORK_02582"",""WORK_02583""]","{""chinese"":null,""color"":null,""sample"":null,""translation"":""unknown"",""uncensored"":null}","{""allowDownload"":true,""categories"":[""短篇"",""同人"",""純愛"",""Fate""],""chineseTeam"":""黎欧×新桥月白日语社"",""created_at"":""2019-08-11T12:07:49.178Z"",""description"":""HAPPY"",""epsCount"":3,""finished"":true,""pagesCount"":80,""tags"":[""Fate / Grand Order"",""FGO: 斯卡哈"",""懷孕"",""巨乳"",""中出"",""兔女娘"",""情趣內衣"",""婚紗"",""純愛""],""updated_at"":""2019-08-19T16:41:46.256Z""}","388c4531e5831916c2c31aa8936197592b389441ac936d738fd9f50d6b192909","545f19aca9aaac19ee7cdee261df5c0b8dccbc83d6cb7d809ab8b86f8ff51022","2026-09-05T23:36:28.382825318+00:00","2026-09-05T23:36:28.382825318+00:00","2026-09-05T23:36:28.382825318+00:00","REVIEW_REQUIRED"
"REVIEW_aa048fe9a6096d776c86","REVIEW_REQUIRED","UNRESOLVED_TITLE_IDENTITY","jm","1090113","jm:1090113","[禁漫漢化組](C105)[HoneyRoad(Bee導師)]サオリとホテルで密會えっち(ブルーアーカイブ)","[""Bee導師""]","{""canonical_author"":""Bee導師"",""matched_tokens"":[""Bee導師""],""rule"":""DIRECT_EXACT""}","[""Bee導師""]","[""WORK_01172"",""WORK_01173"",""WORK_01175""]","{""chinese"":true,""color"":null,""sample"":null,""translation"":""unknown"",""uncensored"":null}","{""actors"":[""錠前紗織""],""addtime"":""1741059611"",""description"":"""",""series"":[],""series_id"":""0"",""tags"":[""c105"",""巨乳"",""口交"",""中文"",""禁漫書庫""],""total_photos"":9,""works"":[""ブルーアーカイブ""]}","1fc4f21525e7923d7933107c622f17bd558d8654d04911438a91cb9d1ef6cc3b","9e9b6b1317c134d1b9d87c7e6ced3f16ce5e8bf824983aaf894dee591972e999","2026-09-05T23:36:28.382825318+00:00","2026-09-05T23:36:28.382825318+00:00","2026-09-05T23:36:28.382825318+00:00","REVIEW_REQUIRED"
"REVIEW_ab6b1ba406b2de103e92","REVIEW_REQUIRED","UNRESOLVED_TITLE_IDENTITY","pica","691f5616e0c5bc16c3ebc534","pica:691f5616e0c5bc16c3ebc534","紫のショウメイ 紫色印證","[""3104丁目 (3104)""]","{""canonical_author"":""3104"",""matched_tokens"":[""3104""],""rule"":""PARENTHESIZED_OFFICIAL_TOKEN""}","[""3104""]","[""WORK_00097"",""WORK_00098""]","{""chinese"":null,""color"":null,""sample"":null,""translation"":""unknown"",""uncensored"":true}","{""allowDownload"":true,""categories"":[""短篇"",""NTR""],""chineseTeam"":""買動漫"",""created_at"":""2025-11-20T08:55:22.660Z"",""description"":""在單親家庭中長大的姊弟，唯花與涼太，彼此依靠、感情深厚。\n作為姊姊的唯花，長年替忙碌的母親分擔家務，也肩負起照顧涼太的責任。\n她將所有的愛傾注在這個唯一的親人身上，直到那天，一切開始變了。\n涼太的同班同學明夫，突然對唯花提出了令人震驚的請求：\n「讓我對妳做色色的事吧。」\n唯花本想一笑置之，卻沒想到明夫竟以不再當涼太的朋友為要脅，\n甚至說出自己曾在涼太遭霸凌時出手相助的經過，將她一步步推入道德與情感的矛盾深淵。\n她堅定地拒絕了無理的要求。\n但隔日回家時，卻看到涼太渾身是傷\n「為了保護最重要的弟弟，我…還能拒絕嗎？」\n唯花最終選擇默默承受。\n她將自己獻給了明夫，用身體換取弟弟的安全。\n然而，明夫的慾望卻逐漸失控。\n行為越來越過分，甚至開始在涼太眼皮底下展開更加病態的遊戲…\n唯花所做的犧牲，究竟能否守住家人呢？"",""epsCount"":1,""finished"":true,""pagesCount"":35,""tags"":[""無修正"",""巨乳"",""學生"",""校服"",""口爆"",""口交"",""乳交""],""updated_at"":""2025-11-20T17:55:34.667Z""}","d786b0de719c6d2a4ffb66d2b2964ff2acc3e087d55215773146670ccb0e0ae3","05d15841f4135e279ea7415fbf83960c8b1925e41cd3a4484e58001cd6016302","2026-09-05T23:36:28.382825318+00:00","2026-09-05T23:36:28.382825318+00:00","2026-09-05T23:36:28.382825318+00:00","REVIEW_REQUIRED"
"REVIEW_ad6c2bda20cc7c31f3ca","REVIEW_REQUIRED","UNRESOLVED_TITLE_IDENTITY","jm","148507","jm:148507","[灰羽社漢化] [ろいやるびっち (haruhisky)] くーねるすまた 5 (くーねるまるた) [","[""haruhisky""]","{""canonical_author"":""haruhisky"",""matched_tokens"":[""haruhisky""],""rule"":""DIRECT_EXACT""}","[""haruhisky""]","[""WORK_00001"",""WORK_00068"",""WORK_00799"",""WORK_02582"",""WORK_02583""]","{""chinese"":true,""color"":null,""sample"":null,""translation"":""unknown"",""uncensored"":null}","{""actors"":[],""addtime"":""1578753803"",""description"":"""",""series"":[],""series_id"":""0"",""tags"":[""巨乳"",""中文""],""total_photos"":22,""works"":[]}","beb7da3b524a8dd44776edecd0a3d77fb42321b2874d5dd5454a0b2c930107e2","0d0ee0a0d6f5b81c2ef21eb3d5519b5d9a5a6ad73b2c118475befbdcee17e346","2026-09-05T23:36:28.382825318+00:00","2026-09-05T23:36:28.382825318+00:00","2026-09-05T23:36:28.382825318+00:00","REVIEW_REQUIRED"
"REVIEW_ad7167d1d94ece51b598","REVIEW_REQUIRED","UNRESOLVED_TITLE_IDENTITY","jm","480389","jm:480389","(C102) [3104丁目 (3104)] ただ悲しいフリをする (オリジナル) [DL版]","[""3104""]","{""canonical_author"":""3104"",""matched_tokens"":[""3104""],""rule"":""DIRECT_EXACT""}","[""3104""]","[""WORK_00097"",""WORK_00098""]","{""chinese"":null,""color"":null,""sample"":null,""translation"":""unknown"",""uncensored"":null}","{""actors"":[],""addtime"":""1692325885"",""description"":"""",""series"":[],""series_id"":""0"",""tags"":[""C102"",""口交"",""拍攝"",""日文""],""total_photos"":33,""works"":[]}","eeace3775a89e13fead0abd50911ff1a9a0e7aa848d938bdb067d1f737949145","22db2f080545a6703af10de65232077dd0c9a4179c983d1018322fec72f847d6","2026-09-05T23:36:28.382825318+00:00","2026-09-05T23:36:28.382825318+00:00","2026-09-05T23:36:28.382825318+00:00","REVIEW_REQUIRED"
"REVIEW_ad767c2b35df7ccc2051","REVIEW_REQUIRED","UNRESOLVED_TITLE_IDENTITY","pica","5f05ff1f3b3f1f26226e848f","pica:5f05ff1f3b3f1f26226e848f","(C97)  姉は親父に抱かれてる [中國翻訳] ","[""ろいやるびっち (haruhisky)""]","{""canonical_author"":""haruhisky"",""matched_tokens"":[""haruhisky""],""rule"":""PARENTHESIZED_OFFICIAL_TOKEN""}","[""haruhisky""]","[""WORK_00001"",""WORK_00068"",""WORK_00799"",""WORK_02582"",""WORK_02583""]","{""chinese"":null,""color"":null,""sample"":null,""translation"":""unknown"",""uncensored"":true}","{""allowDownload"":true,""categories"":[""姐姐系"",""NTR"",""長篇""],""chineseTeam"":""真の叡智個人汉化，A-HY個人漢化，新桥月白日语社汉化"",""created_at"":""2020-07-08T15:08:54.774Z"",""description"":""感谢金主 彼时雨亦落+杂兵七夜+匿名绅士 出资汉化，喜欢该作的绅士们请购买原版来支持作者\n\n=========================================================\n\n新桥月白日语社汉化组：\n有偿承接接日/英/韩语的任何汉化，\n欢迎甲方老板前来委托。"",""epsCount"":4,""finished"":true,""pagesCount"":301,""tags"":[""C97"",""巨乳"",""姐姐"",""戀父情結"",""浴室"",""NTR"",""中出"",""蹦壞臉"",""口交"",""口爆"",""榨精"",""吞精"",""女性主導"",""偷窺"",""潮吹"",""無修正"",""校服"",""劇情"",""情趣內衣""],""updated_at"":""2021-09-29T12:06:37.658Z""}","d740a7335c215fed69760b03998731b1cd924ce6a65cf415e0d78476eeff6435","cd51a8e8ee5f12339452455d1950fb1c08d9b675f2965190a015e2b0a572a333","2026-09-05T23:36:28.382825318+00:00","2026-09-05T23:36:28.382825318+00:00","2026-09-05T23:36:28.382825318+00:00","REVIEW_REQUIRED"
"REVIEW_ade1350c51fd64ca2918","REVIEW_REQUIRED","UNRESOLVED_TITLE_IDENTITY","pica","67ab74e4a6960606a2b15e30","pica:67ab74e4a6960606a2b15e30","(C105)  配達バニーガールとサービスえっち2 [中国翻訳]","[""HoneyRoad (Bee導師)""]","{""canonical_author"":""Bee導師"",""matched_tokens"":[""Bee導師""],""rule"":""PARENTHESIZED_OFFICIAL_TOKEN""}","[""Bee導師""]","[""WORK_01172"",""WORK_01173"",""WORK_01175""]","{""chinese"":null,""color"":null,""sample"":null,""translation"":""unknown"",""uncensored"":null}","{""allowDownload"":true,""categories"":[""短篇"",""後宮閃光""],""chineseTeam"":""空気系☆漢化"",""created_at"":""2025-02-10T13:07:37.832Z"",""description"":""☆“您的外賣員正在做愛”\n☆長期招募翻譯和鑲字中！歡迎各種有熱情的新人和兼職！！本組為無償漢化組！！！☆\n\n空気系联络邮箱可点开上传人的头像查看，只招人不发本。"",""epsCount"":1,""finished"":true,""pagesCount"":20,""tags"":[""兔女娘"",""調教"",""群交""],""updated_at"":""2025-02-11T16:03:48.423Z""}","1c056121581ebe308d295601afc5c3ca54d41dd7b4f9b2d5184803549a80485b","c8c25b3c542e2c6e6b0ab06fbf88031a9edce1c438c23776880cc50a434deb77","2026-09-05T23:36:28.382825318+00:00","2026-09-05T23:36:28.382825318+00:00","2026-09-05T23:36:28.382825318+00:00","REVIEW_REQUIRED"
"REVIEW_ae69111ac55c46119665","REVIEW_REQUIRED","UNCONFIRMED_AUTHOR","jm","84904","jm:84904","[ろいやるびっち(haruhisky)][JKギャルに轉生したのでパッコパコ♥]","[]","{""canonical_author"":null,""matched_tokens"":[],""rule"":""NO_CONFIRMED_AUTHOR_EVIDENCE""}","[""haruhisky""]","[]","{""chinese"":null,""color"":null,""sample"":null,""translation"":""unknown"",""uncensored"":null}","{""actors"":[],""addtime"":""1538468190"",""description"":""Digital[龜速昂貴品質淒慘漢化組]"",""series"":[],""series_id"":""0"",""tags"":[""ろいやるびっち"",""性轉"",""禦姐"",""校園"",""群交"",""師生"",""癡女""],""total_photos"":19,""works"":[]}","e92622756c689ea3c898df70a9f30c592cb22a98dbf3e40b2439177a6c938b9e","8666bcd937b9b825489631aaaac4e46cc232ab12b70eb564c46b23050ed3a450","2026-09-05T23:36:28.382825318+00:00","2026-09-05T23:36:28.382825318+00:00","2026-09-05T23:36:28.382825318+00:00","REVIEW_REQUIRED"
"REVIEW_afa3531bae3055b4180e","REVIEW_REQUIRED","UNCONFIRMED_AUTHOR","jm","79354","jm:79354","[ろいやるびっち(haruhisky)][ときこぼん]","[]","{""canonical_author"":null,""matched_tokens"":[],""rule"":""NO_CONFIRMED_AUTHOR_EVIDENCE""}","[""haruhisky""]","[]","{""chinese"":null,""color"":null,""sample"":null,""translation"":""unknown"",""uncensored"":null}","{""actors"":[],""addtime"":""1530821929"",""description"":""瓜皮漢化"",""series"":[],""series_id"":""0"",""tags"":[""ろいやるびっち""],""total_photos"":15,""works"":[]}","94244a2651f7c7909c6023c05378a99d7d4c99f7f7c4793b0e9ecd20b09cc83c","d7318f9079a7d89379e07b025c55c9893944fd21a95c4eed09acec4630db6f60","2026-09-05T23:36:28.382825318+00:00","2026-09-05T23:36:28.382825318+00:00","2026-09-05T23:36:28.382825318+00:00","REVIEW_REQUIRED"
"REVIEW_b092adbd078eeb8ee5fe","REVIEW_REQUIRED","UNCONFIRMED_AUTHOR","jm","80191","jm:80191","(C87) [ろいやるびっち (haruhisky)] はるこす (涼宮ハルヒの憂鬱)","[]","{""canonical_author"":null,""matched_tokens"":[],""rule"":""NO_CONFIRMED_AUTHOR_EVIDENCE""}","[""haruhisky""]","[]","{""chinese"":null,""color"":null,""sample"":null,""translation"":""unknown"",""uncensored"":null}","{""actors"":[],""addtime"":""1531945339"",""description"":"""",""series"":[],""series_id"":""0"",""tags"":[""ろいやるびっち"",""haruhisky"",""はるこす"",""涼宮ハルヒの憂鬱""],""total_photos"":17,""works"":[]}","c7cb8f1612115a72bf25a930408ff8087d1247ff515db9257a4b5e8d6a6109cc","f2e935805d711e3f3260055b0384b399915f48f83581634ab18f6c6f13596f22","2026-09-05T23:36:28.382825318+00:00","2026-09-05T23:36:28.382825318+00:00","2026-09-05T23:36:28.382825318+00:00","REVIEW_REQUIRED"
"REVIEW_b0dce0667204f6723cc7","REVIEW_REQUIRED","UNCONFIRMED_AUTHOR","jm","114492","jm:114492","[ろいやるびっち(haruhisky)][師匠を孕ませるまででられないシミュレーター]","[]","{""canonical_author"":null,""matched_tokens"":[],""rule"":""NO_CONFIRMED_AUTHOR_EVIDENCE""}","[""haruhisky""]","[]","{""chinese"":null,""color"":null,""sample"":null,""translation"":""unknown"",""uncensored"":null}","{""actors"":[],""addtime"":""1560587284"",""description"":"""",""series"":[],""series_id"":""0"",""tags"":[""ろいやるびっち""],""total_photos"":28,""works"":[]}","6edb709f6fe2bb7287eda89609e8f6a3816293a56fa96b95672afc1078072b17","6db80f7d2ba802a878ee711c5edfcb6bfa88a53c0da542b4eb46bb2b342e6fac","2026-09-05T23:36:28.382825318+00:00","2026-09-05T23:36:28.382825318+00:00","2026-09-05T23:36:28.382825318+00:00","REVIEW_REQUIRED"
"REVIEW_b251aec4c7e4f2876608","REVIEW_REQUIRED","UNRESOLVED_TITLE_IDENTITY","pica","5e500f88d249753c61dbeb3a","pica:5e500f88d249753c61dbeb3a","はるこす7 ","[""ろいやるびっち (Haruhisky)""]","{""canonical_author"":""haruhisky"",""matched_tokens"":[""Haruhisky""],""rule"":""PARENTHESIZED_OFFICIAL_TOKEN""}","[""haruhisky""]","[""WORK_00001"",""WORK_00068"",""WORK_00799"",""WORK_02582"",""WORK_02583""]","{""chinese"":null,""color"":true,""sample"":null,""translation"":""unknown"",""uncensored"":null}","{""allowDownload"":true,""categories"":[""短篇"",""同人"",""全彩"",""CG雜圖""],""chineseTeam"":"""",""created_at"":""2020-02-20T11:10:07.161Z"",""description"":""凉宫春日全彩图"",""epsCount"":1,""finished"":false,""pagesCount"":23,""tags"":[""全彩"",""涼宮春日系列"",""兔女娘"",""巨乳"",""連褲絲襪"",""啦啦隊"",""馬尾"",""守望先锋"",""Overwatch"",""情趣內衣"",""獸耳娘"",""校服"",""女僕"",""性玩具"",""護士"",""口交"",""眼罩"",""KOF：不知火舞"",""尼爾自動人形: 2B"",""猫耳娘""],""updated_at"":""2020-02-21T17:12:40.247Z""}","2c05bb770e5ae3b182c607b1f41c25ea9166a02d4c4385c2b51238bc80c9303f","9fae76a9ebd37537214e2e4d43af9cfba8071694df94ec9b5146173d387f8de9","2026-09-05T23:36:28.382825318+00:00","2026-09-05T23:36:28.382825318+00:00","2026-09-05T23:36:28.382825318+00:00","REVIEW_REQUIRED"
"REVIEW_b25a41091471ad97491e","REVIEW_REQUIRED","UNRESOLVED_TITLE_IDENTITY","pica","5e50841f1556913c47ab525d","pica:5e50841f1556913c47ab525d","はるこす 9","[""ろいやるびっち (haruhisky)""]","{""canonical_author"":""haruhisky"",""matched_tokens"":[""haruhisky""],""rule"":""PARENTHESIZED_OFFICIAL_TOKEN""}","[""haruhisky""]","[""WORK_00001"",""WORK_00068"",""WORK_00799"",""WORK_02582"",""WORK_02583""]","{""chinese"":null,""color"":true,""sample"":null,""translation"":""unknown"",""uncensored"":null}","{""allowDownload"":true,""categories"":[""全彩"",""短篇"",""同人"",""CG雜圖""],""chineseTeam"":"""",""created_at"":""2020-02-20T12:11:43.137Z"",""description"":""凉宫全彩图"",""epsCount"":1,""finished"":false,""pagesCount"":27,""tags"":[""C96"",""全彩"",""涼宮春日系列"",""女警"",""和服"",""兔女娘"",""巨乳"",""獸耳娘"",""情趣內衣"",""道具"",""性玩具"",""水手服\r"",""馬尾"",""浴室"",""婚紗"",""護士"",""旗袍"",""KOF：不知火舞""],""updated_at"":""2020-02-22T01:30:07.434Z""}","74d086f717b1d9d22296219c63d5be97636d05fd8b38d65698a7e565c12052f1","1fd76156c3c33fa363e13937ba1892ebb3da900fa2b3eaf231805d0405cdc803","2026-09-05T23:36:28.382825318+00:00","2026-09-05T23:36:28.382825318+00:00","2026-09-05T23:36:28.382825318+00:00","REVIEW_REQUIRED"
"REVIEW_b2a46f01f66d795283ef","REVIEW_REQUIRED","UNRESOLVED_TITLE_IDENTITY","jm","626260","jm:626260","同狂犬、深夜散步 [白楊漢化組] [Hello Girls! (10驛)] 狂犬と、深夜散步 (ブルーアーカイブ)","[""10駅""]","{""canonical_author"":""10驛"",""matched_tokens"":[""10駅""],""rule"":""DIRECT_NORMALIZED""}","[""10驛""]","[""WORK_01166"",""WORK_01167"",""WORK_01168"",""WORK_01169""]","{""chinese"":true,""color"":null,""sample"":null,""translation"":""unknown"",""uncensored"":null}","{""actors"":[""尾刃環奈""],""addtime"":""1724731469"",""description"":"""",""series"":[],""series_id"":""0"",""tags"":[""C103"",""巨乳"",""項圈"",""露出"",""遮眼"",""獸耳"",""中文""],""total_photos"":22,""works"":[""蔚藍檔案"",""碧藍檔案"",""ブルーアーカイブ"",""BlueArchive""]}","9f21118484d6b9929ee362d61d58fb9bba49b7624255d1cf732f2259c2672fe8","31f07296f47a22ee12a46ec9a99727581a20a28d395b166a5c76d5b8c8ce9e07","2026-09-05T23:36:28.382825318+00:00","2026-09-05T23:36:28.382825318+00:00","2026-09-05T23:36:28.382825318+00:00","REVIEW_REQUIRED"
"REVIEW_b3a506811c369e82be8a","REVIEW_REQUIRED","UNRESOLVED_TITLE_IDENTITY","jm","1434527","jm:1434527","深夜の公園で巨乳ホームレスJK拾った (オリジナル)","[""2-G""]","{""canonical_author"":""2-G"",""matched_tokens"":[""2-G""],""rule"":""DIRECT_EXACT""}","[""2-G""]","[""WORK_02657""]","{""chinese"":true,""color"":null,""sample"":null,""translation"":""unknown"",""uncensored"":null}","{""actors"":[],""addtime"":""1777605936"",""description"":"""",""series"":[],""series_id"":""0"",""tags"":[""巨乳"",""中出"",""乳交"",""口交"",""中文""],""total_photos"":26,""works"":[]}","8bf494e86a9975a7ebe02a4b60997a7e8332b7ecfd2171cb65cdee5e1779ba0e","bbbaa2643148e81f458b55951ddc176a3bffb47911d8150d774b123423a6dae8","2026-09-05T23:36:28.382825318+00:00","2026-09-05T23:36:28.382825318+00:00","2026-09-05T23:36:28.382825318+00:00","REVIEW_REQUIRED"
"REVIEW_b40a2a1564b1f7f32fa9","REVIEW_REQUIRED","UNRESOLVED_TITLE_IDENTITY","pica","66be18bc9d3c3a1b488e8b8e","pica:66be18bc9d3c3a1b488e8b8e","配達バニーガールとサービスえっち 3 | 外卖兔女郎的杀必死涩涩3","[""HoneyRoad (Bee導師)""]","{""canonical_author"":""Bee導師"",""matched_tokens"":[""Bee導師""],""rule"":""PARENTHESIZED_OFFICIAL_TOKEN""}","[""Bee導師""]","[""WORK_01172"",""WORK_01173"",""WORK_01175""]","{""chinese"":null,""color"":null,""sample"":null,""translation"":""unknown"",""uncensored"":null}","{""allowDownload"":true,""categories"":[""短篇""],""chineseTeam"":""欶澜汉化组"",""created_at"":""2024-08-14T11:44:35.243Z"",""description"":""汉化原话：\n太6了"",""epsCount"":1,""finished"":false,""pagesCount"":28,""tags"":[""短髮"",""兔女娘"",""巨乳"",""汗水"",""舌吻"",""口交"",""騎乗""],""updated_at"":""2024-08-15T15:03:24.855Z""}","9e92e1b77e45139b9738e42bf260c35afcf2ae4af5508bcaa9a2217414201493","f84a141863e4e02e17c280c2c2079db7adbe38121a5052c7be3f49b51ee40db0","2026-09-05T23:36:28.382825318+00:00","2026-09-05T23:36:28.382825318+00:00","2026-09-05T23:36:28.382825318+00:00","REVIEW_REQUIRED"
"REVIEW_b486097a7484dc0fe7ad","REVIEW_REQUIRED","UNCONFIRMED_AUTHOR","jm","95177","jm:95177","(C85) [ろいやるびっち (haruhisky)] はるぼん (涼宮ハルヒの憂鬱)","[]","{""canonical_author"":null,""matched_tokens"":[],""rule"":""NO_CONFIRMED_AUTHOR_EVIDENCE""}","[""haruhisky""]","[]","{""chinese"":null,""color"":null,""sample"":null,""translation"":""unknown"",""uncensored"":null}","{""actors"":[],""addtime"":""1547712962"",""description"":""(C85) [ろいやるびっち (haruhisky)] はるぼん (涼宮ハルヒの憂鬱)"",""series"":[],""series_id"":""0"",""tags"":[""ろいやるびっち"",""haruhisky"",""はるぼん"",""涼宮ハルヒの憂鬱""],""total_photos"":30,""works"":[]}","2a31bad6be4c48998005e0a52ea063eecd826ae743161f0ada17389dfed060f6","fe5a7a503b3480e8be80978f141810be56a038249b2eae6c00fa12aade99e10f","2026-09-05T23:36:28.382825318+00:00","2026-09-05T23:36:28.382825318+00:00","2026-09-05T23:36:28.382825318+00:00","REVIEW_REQUIRED"
"REVIEW_b4f2288e778cebe32e93","REVIEW_REQUIRED","UNRESOLVED_TITLE_IDENTITY","pica","68e4ff0640524f74e62f2c20","pica:68e4ff0640524f74e62f2c20","配達バニーガールとサービスえっち3  | 与兔女郎配送员的特殊服务做爱3","[""HoneyRoad (Bee導師)""]","{""canonical_author"":""Bee導師"",""matched_tokens"":[""Bee導師""],""rule"":""PARENTHESIZED_OFFICIAL_TOKEN""}","[""Bee導師""]","[""WORK_01172"",""WORK_01173"",""WORK_01175""]","{""chinese"":null,""color"":null,""sample"":null,""translation"":""unknown"",""uncensored"":null}","{""allowDownload"":true,""categories"":[""短篇""],""chineseTeam"":""白杨汉化组"",""created_at"":""2025-10-06T06:30:50.711Z"",""description"":""戳啦，円宇宙嘛"",""epsCount"":1,""finished"":true,""pagesCount"":29,""tags"":[""C106"",""兔女娘"",""口交"",""後入"",""中出"",""騎乗"",""橫切面"",""巨乳""],""updated_at"":""2025-10-07T11:52:38.342Z""}","2dfd08d922bce06336761c3295e32ed7c898f297f7cbc7e7b5c706bf1078a83f","1721218431a29633c604874dfd0259247f85c6e3ea8d86c2a82e5dfe9ebcebe1","2026-09-05T23:36:28.382825318+00:00","2026-09-05T23:36:28.382825318+00:00","2026-09-05T23:36:28.382825318+00:00","REVIEW_REQUIRED"
"REVIEW_b50e32e58e0cf270d62a","REVIEW_REQUIRED","UNCONFIRMED_AUTHOR","jm","81171","jm:81171","(C93) [ろいやるびっち (haruhisky)] はるこす6 (涼宮ハルヒの憂鬱) [DL版]","[]","{""canonical_author"":null,""matched_tokens"":[],""rule"":""NO_CONFIRMED_AUTHOR_EVIDENCE""}","[""haruhisky""]","[]","{""chinese"":null,""color"":null,""sample"":null,""translation"":""unknown"",""uncensored"":null}","{""actors"":[],""addtime"":""1533069292"",""description"":"""",""series"":[],""series_id"":""0"",""tags"":[""275""],""total_photos"":28,""works"":[]}","61bf64c835f1e4553e992b83d15ef441ea37dfa5f95cc76a5c2f682402f5512c","922b6aeea6e8181afbdabac9b01d5699212ad8ed55d173d02e35df03972471f1","2026-09-05T23:36:28.382825318+00:00","2026-09-05T23:36:28.382825318+00:00","2026-09-05T23:36:28.382825318+00:00","REVIEW_REQUIRED"
"REVIEW_b58193465bf340d68f43","REVIEW_REQUIRED","UNRESOLVED_TITLE_IDENTITY","jm","482311","jm:482311","[白楊漢化組] (C102) [HoneyRoad (Bee導師)] アリサ2 -紅の魔族- (オリジナル) [DL版]","[""Bee導師""]","{""canonical_author"":""Bee導師"",""matched_tokens"":[""Bee導師""],""rule"":""DIRECT_EXACT""}","[""Bee導師""]","[""WORK_01172"",""WORK_01173"",""WORK_01175""]","{""chinese"":true,""color"":null,""sample"":null,""translation"":""unknown"",""uncensored"":null}","{""actors"":[],""addtime"":""1692850733"",""description"":"""",""series"":[],""series_id"":""0"",""tags"":[""C102"",""劇情向"",""束縛"",""女惡魔"",""手套"",""怪物女孩"",""過膝襪"",""百合"",""中文""],""total_photos"":26,""works"":[]}","f559711a60a6ef37570389443846297b89485fc642a05515f2365740687aba5b","5f1a5d7e1619e36e79a9712e8cb77c5750254808c4aaa3b14b168cd294e6834b","2026-09-05T23:36:28.382825318+00:00","2026-09-05T23:36:28.382825318+00:00","2026-09-05T23:36:28.382825318+00:00","REVIEW_REQUIRED"
"REVIEW_b9c5fcf9b9510794d038","REVIEW_REQUIRED","UNRESOLVED_TITLE_IDENTITY","pica","661be7cee41e7d40dd9328a0","pica:661be7cee41e7d40dd9328a0","みょーちゃん先生かくパコりき (みょーちゃん先生はかく語りき)","[""ろいやるびっち (haruhisky)""]","{""canonical_author"":""haruhisky"",""matched_tokens"":[""haruhisky""],""rule"":""PARENTHESIZED_OFFICIAL_TOKEN""}","[""haruhisky""]","[""WORK_00001"",""WORK_00068"",""WORK_00799"",""WORK_02582"",""WORK_02583""]","{""chinese"":null,""color"":null,""sample"":null,""translation"":""unknown"",""uncensored"":null}","{""allowDownload"":true,""categories"":[""同人"",""長篇""],""chineseTeam"":""Origin個人測試漢化、MotherEmperor"",""created_at"":""2024-04-14T06:56:58.819Z"",""description"":""小美老師如是啪啪啪"",""epsCount"":4,""finished"":true,""pagesCount"":133,""tags"":[""巨乳"",""老師"",""乳交"",""騎乗"",""比基尼"",""啦啦隊"",""兔女娘""],""updated_at"":""2026-05-22T17:44:54.328Z""}","3bc1c08a9f8f2cb4c9f5a797595fc415fc32d373a4aa5bed48b8ed66036228dd","be450c5eb8cd546cdf5bbbd02bab84a7bab5035fe4f24fee0a290d0839db3b00","2026-09-05T23:36:28.382825318+00:00","2026-09-05T23:36:28.382825318+00:00","2026-09-05T23:36:28.382825318+00:00","REVIEW_REQUIRED"
"REVIEW_bad193c55ba8cea04f27","REVIEW_REQUIRED","UNRESOLVED_TITLE_IDENTITY","pica","5dd01d1fb180cc02dea477d4","pica:5dd01d1fb180cc02dea477d4","(COMIC1☆16)  バニー獅子王が騙されてHなお仕事をしちゃう本 (Fate/Grand Order)","[""ろいやるびっち (haruhisky)""]","{""canonical_author"":""haruhisky"",""matched_tokens"":[""haruhisky""],""rule"":""PARENTHESIZED_OFFICIAL_TOKEN""}","[""haruhisky""]","[""WORK_00001"",""WORK_00068"",""WORK_00799"",""WORK_02582"",""WORK_02583""]","{""chinese"":null,""color"":null,""sample"":null,""translation"":""unknown"",""uncensored"":null}","{""allowDownload"":true,""categories"":[""同人"",""Fate"",""長篇""],""chineseTeam"":""黎欧×新桥月白日语社，空気系☆漢化"",""created_at"":""2019-11-16T10:06:01.701Z"",""description"":""这位不管什么职介都和肉便器，NTR捆绑销售\n☆真·注目：急招「日語翻譯」。要求時間充裕，N2以上。有經驗者優先。翻譯本子數量10本以上的免測試。☆"",""epsCount"":3,""finished"":true,""pagesCount"":81,""tags"":[""COMIC1☆16"",""巨乳"",""乳交"",""Fate / Grand Order"",""兔女娘"",""調教"",""口交"",""中出"",""肉便器"",""顏射"",""放尿"",""群交"",""懷孕""],""updated_at"":""2020-07-19T06:47:37.574Z""}","eed71c81859965e36d60558f29715b7bc8ba8505fabc068feb0e0d0202457d6d","f11e3b947529dbfed98f50f85856a3668cbddf4aa765f80b0e517721ddf1aae7","2026-09-05T23:36:28.382825318+00:00","2026-09-05T23:36:28.382825318+00:00","2026-09-05T23:36:28.382825318+00:00","REVIEW_REQUIRED"
"REVIEW_bad263cd438ed46bd07a","REVIEW_REQUIRED","UNRESOLVED_TITLE_IDENTITY","jm","1449300","jm:1449300","竿役募集してる推しの爆乳エロ配信者が妹になりました (オリジナル)","[""2-G""]","{""canonical_author"":""2-G"",""matched_tokens"":[""2-G""],""rule"":""DIRECT_EXACT""}","[""2-G""]","[""WORK_02657""]","{""chinese"":true,""color"":null,""sample"":null,""translation"":""unknown"",""uncensored"":null}","{""actors"":[],""addtime"":""1782632412"",""description"":"""",""series"":[],""series_id"":""0"",""tags"":[""巨乳"",""中出"",""乳交"",""口交"",""中文""],""total_photos"":27,""works"":[]}","77a4e07f13f58b18b884c9ff3441af98dd31321373da0ba620d156e5f9cf5bc6","1a3296961af264042479cb00781ecf605554fb623639a5067a12f445ac80c3b2","2026-09-05T23:36:28.382825318+00:00","2026-09-05T23:36:28.382825318+00:00","2026-09-05T23:36:28.382825318+00:00","REVIEW_REQUIRED"
"REVIEW_bb814466015372e6bab2","REVIEW_REQUIRED","UNRESOLVED_TITLE_IDENTITY","jm","152504","jm:152504","[水也木又個人漢化] [3104丁目 (3104)] 冬コミのおまけ本 (アイドルマスター シャイニーカラーズ) [","[""3104""]","{""canonical_author"":""3104"",""matched_tokens"":[""3104""],""rule"":""DIRECT_EXACT""}","[""3104""]","[""WORK_00097"",""WORK_00098""]","{""chinese"":true,""color"":null,""sample"":null,""translation"":""unknown"",""uncensored"":null}","{""actors"":[],""addtime"":""1582126524"",""description"":"""",""series"":[],""series_id"":""0"",""tags"":[""NTR"",""巨乳"",""中文""],""total_photos"":4,""works"":[]}","4555f4f939fa12a7da634ab0fabae6b133071de40b6e660b9772bbbe01440125","a7e61af9bc1e9dfd373178e84c4ad98e2bb2ab4241fef24b6ac7d4a2475f5a7c","2026-09-05T23:36:28.382825318+00:00","2026-09-05T23:36:28.382825318+00:00","2026-09-05T23:36:28.382825318+00:00","REVIEW_REQUIRED"
"REVIEW_bc297cabd6a4f8ec1f19","REVIEW_REQUIRED","UNRESOLVED_TITLE_IDENTITY","jm","329697","jm:329697","[3104] アズレンオムニバスNTR漫畫 (アズールレーン)","[""3104""]","{""canonical_author"":""3104"",""matched_tokens"":[""3104""],""rule"":""DIRECT_EXACT""}","[""3104""]","[""WORK_00097"",""WORK_00098""]","{""chinese"":true,""color"":null,""sample"":null,""translation"":""unknown"",""uncensored"":null}","{""actors"":[],""addtime"":""1648796983"",""description"":"""",""series"":[],""series_id"":""0"",""tags"":[""巨乳"",""口交"",""催眠"",""中文""],""total_photos"":10,""works"":[]}","8c63bab72220a91f1043d098d81a3353f738b2d793a847c9d58de429b7a5854c","bf402bffffb9032dc073df320d2b0f4d2bae5508ea55f86531415f27b4323582","2026-09-05T23:36:28.382825318+00:00","2026-09-05T23:36:28.382825318+00:00","2026-09-05T23:36:28.382825318+00:00","REVIEW_REQUIRED"
"REVIEW_bc305ff1d2b9fa92c2a2","REVIEW_REQUIRED","UNRESOLVED_TITLE_IDENTITY","jm","1468461","jm:1468461","(C108)[ろいやるびっち (haruhisky)] アオハルトラレ 爆乳女教師・尾奈ほなみ編 [DL版]","[""haruhisky""]","{""canonical_author"":""haruhisky"",""matched_tokens"":[""haruhisky""],""rule"":""DIRECT_EXACT""}","[""haruhisky""]","[""WORK_00001"",""WORK_00068"",""WORK_00799"",""WORK_02582"",""WORK_02583""]","{""chinese"":null,""color"":null,""sample"":null,""translation"":""unknown"",""uncensored"":null}","{""actors"":[],""addtime"":""1788397921"",""description"":""(C108)[Royal Bitch (haruhisky)] AOHARU TORARE Bakunyuu Onna Kyoushi Ona Honami Hen [Digital]"",""series"":[],""series_id"":""0"",""tags"":[""C108"",""教師"",""日文""],""total_photos"":25,""works"":[]}","ac369bcf3d27e76fbaf066b458db8b7e936b8a56807d30041664542566dd1b3b","32e1d0f8bfd195836d076a3f2a490398697cc1acae6a46156d4be61002307f04","2026-09-05T23:36:28.382825318+00:00","2026-09-05T23:36:28.382825318+00:00","2026-09-05T23:36:28.382825318+00:00","REVIEW_REQUIRED"
"REVIEW_bf27b124d769b1ce043d","REVIEW_REQUIRED","UNRESOLVED_TITLE_IDENTITY","jm","416349","jm:416349","996重嵌][黎歐×新橋月白日語社] (C96) [ろいやるびっち (haruhisky)] 師匠を孕ませるまででられないシミュレーター2 (FateGrand Order) [中國翻譯] [無修正]","[""haruhisky""]","{""canonical_author"":""haruhisky"",""matched_tokens"":[""haruhisky""],""rule"":""DIRECT_EXACT""}","[""haruhisky""]","[""WORK_00001"",""WORK_00068"",""WORK_00799"",""WORK_02582"",""WORK_02583""]","{""chinese"":true,""color"":null,""sample"":null,""translation"":""unknown"",""uncensored"":true}","{""actors"":[],""addtime"":""1674276876"",""description"":"""",""series"":[],""series_id"":""0"",""tags"":[""兔女郎"",""吊帶襪"",""中出"",""內衣"",""懷孕"",""過膝襪"",""無修正"",""中文""],""total_photos"":28,""works"":[]}","6839f8106024718fbf3e4c91e3a3d468c3bdd2e40280ef42d0edaeaba5f5673b","edfc478862cbadaf1ae3466930db1d6490ec071b6d07f633411ee2c46f6fef40","2026-09-05T23:36:28.382825318+00:00","2026-09-05T23:36:28.382825318+00:00","2026-09-05T23:36:28.382825318+00:00","REVIEW_REQUIRED"
"REVIEW_c476456d295a3654b3a7","REVIEW_REQUIRED","UNRESOLVED_TITLE_IDENTITY","jm","1047146","jm:1047146","[空氣系☆漢化] (C105) [HoneyRoad (Bee導師)] 配達バニーガールとサービスえっち2 ","[""Bee導師""]","{""canonical_author"":""Bee導師"",""matched_tokens"":[""Bee導師""],""rule"":""DIRECT_EXACT""}","[""Bee導師""]","[""WORK_01172"",""WORK_01173"",""WORK_01175""]","{""chinese"":true,""color"":null,""sample"":null,""translation"":""unknown"",""uncensored"":null}","{""actors"":[],""addtime"":""1735676133"",""description"":"""",""series"":[],""series_id"":""0"",""tags"":[""C105"",""巨乳"",""兔女郎"",""過膝襪"",""中文""],""total_photos"":20,""works"":[]}","df85e7ffef5b734e1142a394ce7a311e93fa751adc8d1efae077a7134ebc434f","e37f9f2a061ea6dc29ee60e209db432eb289bf4579f3069960c07867b847b662","2026-09-05T23:36:28.382825318+00:00","2026-09-05T23:36:28.382825318+00:00","2026-09-05T23:36:28.382825318+00:00","REVIEW_REQUIRED"
"REVIEW_c513422231315cb08066","REVIEW_REQUIRED","UNRESOLVED_TITLE_IDENTITY","jm","1050136","jm:1050136","(C105)[HoneyRoad(Bee導師)]配達バニーガールとサービスえっち2(オリジナル)","[""Bee導師""]","{""canonical_author"":""Bee導師"",""matched_tokens"":[""Bee導師""],""rule"":""DIRECT_EXACT""}","[""Bee導師""]","[""WORK_01172"",""WORK_01173"",""WORK_01175""]","{""chinese"":true,""color"":null,""sample"":null,""translation"":""unknown"",""uncensored"":null}","{""actors"":[],""addtime"":""1736056691"",""description"":"""",""series"":[],""series_id"":""0"",""tags"":[""C105"",""手交"",""群交"",""兔女郎"",""中文"",""禁漫書庫""],""total_photos"":21,""works"":[]}","f8b9480c4d8e1b149056434c63aef8caa1a3ddacb1e671e0234e09c33399dc90","911a9790564b15b5b4765f182138e9e3dc7a367eb8c9c3be78b82912ea4e2372","2026-09-05T23:36:28.382825318+00:00","2026-09-05T23:36:28.382825318+00:00","2026-09-05T23:36:28.382825318+00:00","REVIEW_REQUIRED"
"REVIEW_c59d25090b9432630de1","REVIEW_REQUIRED","UNRESOLVED_TITLE_IDENTITY","pica","67780a3301ec814922b403e9","pica:67780a3301ec814922b403e9","紫のショウメイ","[""3104丁目 (3104)""]","{""canonical_author"":""3104"",""matched_tokens"":[""3104""],""rule"":""PARENTHESIZED_OFFICIAL_TOKEN""}","[""3104""]","[""WORK_00097"",""WORK_00098""]","{""chinese"":null,""color"":null,""sample"":null,""translation"":""unknown"",""uncensored"":null}","{""allowDownload"":true,""categories"":[""生肉"",""姐姐系""],""chineseTeam"":"""",""created_at"":""2025-01-02T15:42:59.497Z"",""description"":""开大车"",""epsCount"":1,""finished"":true,""pagesCount"":33,""tags"":[""生肉"",""中出"",""巨乳""],""updated_at"":""2025-01-03T16:02:59.435Z""}","950d2dddd95afa599c8c0c1803c39e442015a5b5bab5d64843871a803f903e05","704df946de59c59e82adca8de254c625d2edf8e44167c38bd5cf8451e58c85c7","2026-09-05T23:36:28.382825318+00:00","2026-09-05T23:36:28.382825318+00:00","2026-09-05T23:36:28.382825318+00:00","REVIEW_REQUIRED"
"REVIEW_c60648210cc4a315c76f","REVIEW_REQUIRED","UNCONFIRMED_AUTHOR","jm","101900","jm:101900","(C95) [Hello Girls! (10驛)] 噓つき眠り姫 (少女前線) [屏幕臟了漢化組]","[]","{""canonical_author"":null,""matched_tokens"":[],""rule"":""NO_CONFIRMED_AUTHOR_EVIDENCE""}","[""10驛""]","[]","{""chinese"":true,""color"":null,""sample"":null,""translation"":""unknown"",""uncensored"":null}","{""actors"":[],""addtime"":""1554798289"",""description"":"""",""series"":[],""series_id"":""0"",""tags"":[""少女前線"",""春田M1903"",""中文""],""total_photos"":27,""works"":[]}","4211028644cca0ba2752b970aa940ad89064b1f9dec71e4a30fc128d788ada84","f3df0f45d30ab521675ca0b20bd7fcbe70b5e5ee407e2ee848724a819e93d083","2026-09-05T23:36:28.382825318+00:00","2026-09-05T23:36:28.382825318+00:00","2026-09-05T23:36:28.382825318+00:00","REVIEW_REQUIRED"
"REVIEW_c7a09f7fd9da432240b8","REVIEW_REQUIRED","UNRESOLVED_TITLE_IDENTITY","jm","1259285","jm:1259285","[空氣系☆漢化] [Digital] [HoneyRoad (Bee導師)] 配達バニーガールとサービスえっち4 [中國翻譯] [DL版]","[""Bee導師""]","{""canonical_author"":""Bee導師"",""matched_tokens"":[""Bee導師""],""rule"":""DIRECT_EXACT""}","[""Bee導師""]","[""WORK_01172"",""WORK_01173"",""WORK_01175""]","{""chinese"":true,""color"":null,""sample"":null,""translation"":""unknown"",""uncensored"":null}","{""actors"":[],""addtime"":""1771318195"",""description"":"""",""series"":[],""series_id"":""0"",""tags"":[""兔女郎"",""巨乳"",""中文""],""total_photos"":28,""works"":[]}","0ebdcf93fc6d21b7ccac956d1d9158443d9e8f4a7e502db4e3e0d89af8c79c33","50d161f3d4f5f459cc936150bef5da484d6e80907d249be92527d0a52bdac4b1","2026-09-05T23:36:28.382825318+00:00","2026-09-05T23:36:28.382825318+00:00","2026-09-05T23:36:28.382825318+00:00","REVIEW_REQUIRED"
"REVIEW_c988dcea61c53d1b1952","REVIEW_REQUIRED","UNRESOLVED_TITLE_IDENTITY","pica","69f75fab6d3d83668eb2de08","pica:69f75fab6d3d83668eb2de08","深夜の公園で巨乳ホームレスＪＫ拾った","[""一億万軒茶屋 (2-G)""]","{""canonical_author"":""2-G"",""matched_tokens"":[""2-G""],""rule"":""PARENTHESIZED_OFFICIAL_TOKEN""}","[""2-G""]","[""WORK_02657""]","{""chinese"":null,""color"":null,""sample"":null,""translation"":""unknown"",""uncensored"":null}","{""allowDownload"":true,""categories"":[""短篇""],""chineseTeam"":"""",""created_at"":""2026-05-01T13:36:30.233Z"",""description"":"""",""epsCount"":1,""finished"":true,""pagesCount"":19,""tags"":[""巨乳"",""野外 / 露出"",""中出""],""updated_at"":""2026-05-03T14:46:03.933Z""}","333fe7031d7a3b37edb8681ec678f2873ebe24a2f47796a08642c021378c042a","a1b260ebac86f7788180407a5ce686910294431f847341c4048bb09a5812da36","2026-09-05T23:36:28.382825318+00:00","2026-09-05T23:36:28.382825318+00:00","2026-09-05T23:36:28.382825318+00:00","REVIEW_REQUIRED"
"REVIEW_c9b6cc063018c82897ba","REVIEW_REQUIRED","UNRESOLVED_TITLE_IDENTITY","pica","61d71c00c2f2764728fce46b","pica:61d71c00c2f2764728fce46b"," 配達バニーガール [DL版]","[""HoneyRoad (Bee導師)""]","{""canonical_author"":""Bee導師"",""matched_tokens"":[""Bee導師""],""rule"":""PARENTHESIZED_OFFICIAL_TOKEN""}","[""Bee導師""]","[""WORK_01172"",""WORK_01173"",""WORK_01175""]","{""chinese"":null,""color"":true,""sample"":null,""translation"":""unknown"",""uncensored"":null}","{""allowDownload"":true,""categories"":[""短篇"",""全彩"",""CG雜圖""],""chineseTeam"":""空気系☆漢化"",""created_at"":""2022-01-06T08:43:50.399Z"",""description"":""☆招募有經驗能肝的日語翻譯。最好有過往翻譯經驗。對自己水平有自信的都可以發郵件過來。☆"",""epsCount"":1,""finished"":true,""pagesCount"":19,""tags"":[""全彩"",""口交"",""中出"",""蹦壞臉""],""updated_at"":""2022-01-06T16:42:40.328Z""}","d0279f145d60034ef3826a2c205786b60da5fd380dd812a2db1f267e783cb2c0","6238a429caf9e89a17a792c98395182ebebbfe12c7dedfd3736613249040c8ab","2026-09-05T23:36:28.382825318+00:00","2026-09-05T23:36:28.382825318+00:00","2026-09-05T23:36:28.382825318+00:00","REVIEW_REQUIRED"
"REVIEW_ca645aa7ff1b6537b964","REVIEW_REQUIRED","UNRESOLVED_TITLE_IDENTITY","jm","616277","jm:616277","外賣兔女郎的殺必死澀澀3 [欶瀾漢化組] (C104) [HoneyRoad (Bee導師)] 配達バニーガールとサービスえっち 3","[""Bee導師""]","{""canonical_author"":""Bee導師"",""matched_tokens"":[""Bee導師""],""rule"":""DIRECT_EXACT""}","[""Bee導師""]","[""WORK_01172"",""WORK_01173"",""WORK_01175""]","{""chinese"":true,""color"":null,""sample"":null,""translation"":""unknown"",""uncensored"":null}","{""actors"":[],""addtime"":""1723559310"",""description"":"""",""series"":[],""series_id"":""0"",""tags"":[""C104"",""兔女郎"",""過膝襪"",""中文""],""total_photos"":28,""works"":[]}","5840e9faf5136378462c9952f555e74ebd5089672608fe7f55f82ecb4632c0bc","8dd66528a784385faafbca755b00c0fb2d5d5e973465faa36a8dbfacb96573ca","2026-09-05T23:36:28.382825318+00:00","2026-09-05T23:36:28.382825318+00:00","2026-09-05T23:36:28.382825318+00:00","REVIEW_REQUIRED"
"REVIEW_cbe09e2b47334312d1c2","REVIEW_REQUIRED","UNRESOLVED_TITLE_IDENTITY","jm","1208370","jm:1208370","甜蜜人形 [活力少女戰線×大受氣包烤RO組](C106)[Hello Girls! (10驛)] 甘々人形 (ドールズフロントライン2: エクシリウム) [中國翻譯] [DL版]","[""10駅""]","{""canonical_author"":""10驛"",""matched_tokens"":[""10駅""],""rule"":""DIRECT_NORMALIZED""}","[""10驛""]","[""WORK_01166"",""WORK_01167"",""WORK_01168"",""WORK_01169""]","{""chinese"":true,""color"":null,""sample"":null,""translation"":""unknown"",""uncensored"":null}","{""actors"":[""andoris"",""春田""],""addtime"":""1755950073"",""description"":"""",""series"":[],""series_id"":""0"",""tags"":[""C106"",""群交"",""巨乳"",""後宮"",""透視"",""中出"",""中文""],""total_photos"":22,""works"":[""少女前線""]}","208a787c2f4d3105a99af6f19405729303c2b57761f6878ede119a224df1682c","a52fe3a3556f3b07980ef7f6ae7ba48f53ef9a10f4abd524318c12922309ff67","2026-09-05T23:36:28.382825318+00:00","2026-09-05T23:36:28.382825318+00:00","2026-09-05T23:36:28.382825318+00:00","REVIEW_REQUIRED"
"REVIEW_ccb78fad9fdd4447850b","REVIEW_REQUIRED","UNRESOLVED_TITLE_IDENTITY","jm","1240374","jm:1240374","[一億萬軒茶屋 (2-G)] 深夜の無人驛で巨乳家出JK拾った [中國翻譯]","[""2-G""]","{""canonical_author"":""2-G"",""matched_tokens"":[""2-G""],""rule"":""DIRECT_EXACT""}","[""2-G""]","[""WORK_02657""]","{""chinese"":true,""color"":null,""sample"":null,""translation"":""unknown"",""uncensored"":null}","{""actors"":[],""addtime"":""1766482876"",""description"":""[Ichiokumangenjaya (2-G)] Shinya no Mujineki de Kyonyuu Iede JK Hirotta [Chinese]"",""series"":[],""series_id"":""0"",""tags"":[""巨乳"",""校服"",""中文""],""total_photos"":19,""works"":[]}","9bec87827beb54541ad746f2e531ace35453dd3f36ad644459741339ced01466","2c7b3b43485a66c2c71b1dcc5392201751dbcf62f800c750bfff43573475ab97","2026-09-05T23:36:28.382825318+00:00","2026-09-05T23:36:28.382825318+00:00","2026-09-05T23:36:28.382825318+00:00","REVIEW_REQUIRED"
"REVIEW_cde9be43eb58dd0dc9b6","REVIEW_REQUIRED","UNRESOLVED_TITLE_IDENTITY","jm","372490","jm:372490","[尼特子個人漢化] (C100) [3104丁目 (3104)] アイの中に閉じ込めた (アズールレーン) [中國翻譯] [DL版]","[""3104""]","{""canonical_author"":""3104"",""matched_tokens"":[""3104""],""rule"":""DIRECT_EXACT""}","[""3104""]","[""WORK_00097"",""WORK_00098""]","{""chinese"":true,""color"":null,""sample"":null,""translation"":""unknown"",""uncensored"":null}","{""actors"":[],""addtime"":""1661615241"",""description"":"""",""series"":[],""series_id"":""0"",""tags"":[""C100"",""阿黑顏"",""巨尻"",""巨乳"",""口交"",""出軌"",""內衣"",""中出"",""乳交"",""連褲襪"",""過膝襪"",""中文""],""total_photos"":46,""works"":[""碧藍航線""]}","ed2511abc9185a5f0087d077707d6e571e9eb9b8b5d6b9040f77ae01868e760d","89ca484b5d7e7c1ed83dc8848c9d17f11e259c81ced3b32e79bd36ffb94c929a","2026-09-05T23:36:28.382825318+00:00","2026-09-05T23:36:28.382825318+00:00","2026-09-05T23:36:28.382825318+00:00","REVIEW_REQUIRED"
"REVIEW_cffd7d9faa5aba453b5c","REVIEW_REQUIRED","UNRESOLVED_TITLE_IDENTITY","pica","5c8cd9e3633a456cdee7118e","pica:5c8cd9e3633a456cdee7118e","(C89) くーねるすまた3 (くーねるまるた)","[""ろいやるびっち (haruhisky)""]","{""canonical_author"":""haruhisky"",""matched_tokens"":[""haruhisky""],""rule"":""PARENTHESIZED_OFFICIAL_TOKEN""}","[""haruhisky""]","[""WORK_00001"",""WORK_00068"",""WORK_00799"",""WORK_02582"",""WORK_02583""]","{""chinese"":null,""color"":null,""sample"":null,""translation"":""unknown"",""uncensored"":null}","{""allowDownload"":true,""categories"":[""短篇"",""同人""],""chineseTeam"":""瓜皮有偿汉化"",""created_at"":""2019-02-03T22:15:49.179Z"",""description"":""吃吃睡睡的玛璐塔 同人"",""epsCount"":1,""finished"":true,""pagesCount"":25,""tags"":[""中出"",""口交"",""巨乳"",""C89""],""updated_at"":""2019-03-16T11:11:31.682Z""}","63ee02e629bb791613a42f56924e10f018e282aceeea01662b076205e6b6f645","ed081d3f84412c11d4a173cbbc14165034eda975ff5b48b0daeab3c65bb92ed0","2026-09-05T23:36:28.382825318+00:00","2026-09-05T23:36:28.382825318+00:00","2026-09-05T23:36:28.382825318+00:00","REVIEW_REQUIRED"
"REVIEW_d20c0174f077bed399c6","REVIEW_REQUIRED","UNCONFIRMED_AUTHOR","jm","103439","jm:103439","[ろいやるびっち (haruhisky)] 師匠を孕ませるまで出られないシミュレーター(FGO)","[""ろいやるびっち"",""(haruhisky)""]","{""canonical_author"":null,""matched_tokens"":[],""rule"":""MULTIPLE_RAW_AUTHOR_FIELDS""}","[""haruhisky""]","[]","{""chinese"":null,""color"":null,""sample"":null,""translation"":""unknown"",""uncensored"":null}","{""actors"":[],""addtime"":""1556266902"",""description"":"""",""series"":[],""series_id"":""0"",""tags"":[""FGO"",""師匠""],""total_photos"":28,""works"":[]}","dadac6586c8dccf69dd1bf5fcb679bd8898f56cd7117967ae573153179e85ff3","9d3bf6e292e49dae1c186b1502b5830dd10db167d35a20155274a6b5e3bf0024","2026-09-05T23:36:28.382825318+00:00","2026-09-05T23:36:28.382825318+00:00","2026-09-05T23:36:28.382825318+00:00","REVIEW_REQUIRED"
"REVIEW_d21b9160cff8979abaf7","REVIEW_REQUIRED","UNRESOLVED_TITLE_IDENTITY","jm","234503","jm:234503","[不可視漢化][3104丁目 (3104)] HEROINE (アズールレーン)","[""3104""]","{""canonical_author"":""3104"",""matched_tokens"":[""3104""],""rule"":""DIRECT_EXACT""}","[""3104""]","[""WORK_00097"",""WORK_00098""]","{""chinese"":true,""color"":null,""sample"":null,""translation"":""unknown"",""uncensored"":null}","{""actors"":[],""addtime"":""1611729545"",""description"":""啊啊 比指揮官的肉棒還要大 插的還要深\r\n\r\n一定要內射？但是……小穴裡……\r\n\r\n已經停不下來了 就這樣射在裡面 讓我高潮\r\n\r\n啊啊 好燙 射了好多\r\n\r\n對這個肉棒上癮了的話 就沒辦法再享受指揮官的肉棒了……"",""series"":[],""series_id"":""0"",""tags"":[""巨乳"",""NTR"",""過膝襪"",""泳裝"",""中文""],""total_photos"":26,""works"":[""碧藍航線""]}","47dc76501413843af592b0202b4e6e521ef6cebdd7e251b05c5fad6a771f88d1","e4c4eb68d98c1e8ad8aa178874e3ef3b65d47cd381a90cf93c4f5d765a2ac4f0","2026-09-05T23:36:28.382825318+00:00","2026-09-05T23:36:28.382825318+00:00","2026-09-05T23:36:28.382825318+00:00","REVIEW_REQUIRED"
"REVIEW_d441f4f64e0fa8c12bc4","REVIEW_REQUIRED","UNRESOLVED_TITLE_IDENTITY","jm","1037076","jm:1037076","[超勇漢化組] [ろいやるびっち (haruhisky)]妻が、他人の雌になるまで・里 ―ショートカット巨乳妻・佐々木美咲の場合―","[""haruhisky""]","{""canonical_author"":""haruhisky"",""matched_tokens"":[""haruhisky""],""rule"":""DIRECT_EXACT""}","[""haruhisky""]","[""WORK_00001"",""WORK_00068"",""WORK_00799"",""WORK_02582"",""WORK_02583""]","{""chinese"":true,""color"":null,""sample"":null,""translation"":""unknown"",""uncensored"":null}","{""actors"":[],""addtime"":""1734365200"",""description"":"""",""series"":[],""series_id"":""0"",""tags"":[""阿黑顏"",""巨乳"",""出軌"",""中出"",""接吻"",""熟女"",""NTR"",""懷孕"",""交換伴侶"",""劇情向"",""中文""],""total_photos"":65,""works"":[]}","78512fa29bbaa9fb923289bef28ae818f6248fbe70b3ba8cae1965c9c0e8e05c","f20552a7fd571b1aed293a7d6ee514e317cd3260871ce14213974c6643026290","2026-09-05T23:36:28.382825318+00:00","2026-09-05T23:36:28.382825318+00:00","2026-09-05T23:36:28.382825318+00:00","REVIEW_REQUIRED"
"REVIEW_d4bfb833f6b22f2904d8","REVIEW_REQUIRED","UNRESOLVED_TITLE_IDENTITY","jm","1205968","jm:1205968","小美老師如是啪啪啪 [Origin個人測試漢化][ろいやるびっち (haruhisky)] みょーちゃん先生かくパコりき。 (みょーちゃん先生はかく語りき) [中國翻譯] [無修正] [DL版]","[""haruhisky""]","{""canonical_author"":""haruhisky"",""matched_tokens"":[""haruhisky""],""rule"":""DIRECT_EXACT""}","[""haruhisky""]","[""WORK_00001"",""WORK_00068"",""WORK_00799"",""WORK_02582"",""WORK_02583""]","{""chinese"":true,""color"":null,""sample"":null,""translation"":""unknown"",""uncensored"":true}","{""actors"":[],""addtime"":""1755349298"",""description"":"""",""series"":[],""series_id"":""0"",""tags"":[""巨乳"",""多毛"",""後宮"",""過膝襪"",""教師"",""群交"",""無修正"",""中文""],""total_photos"":26,""works"":[""妙醬老師是這麼說的""]}","2436223c010a213f12ba546f04adfc2bf642f76829984921aab7dd097128c4b2","30f48139ab091c0f1263c80c2bb858bc5658553d592f86616bcf2e574c383aa2","2026-09-05T23:36:28.382825318+00:00","2026-09-05T23:36:28.382825318+00:00","2026-09-05T23:36:28.382825318+00:00","REVIEW_REQUIRED"
"REVIEW_d7da002c6b251e9511e5","REVIEW_REQUIRED","UNRESOLVED_TITLE_IDENTITY","pica","5e193a887deb19777b34fe38","pica:5e193a887deb19777b34fe38","(C88)くーねるすまた2 (くーねるまるた) [中国翻訳]","[""ろいやるびっち (haruhisky)""]","{""canonical_author"":""haruhisky"",""matched_tokens"":[""haruhisky""],""rule"":""PARENTHESIZED_OFFICIAL_TOKEN""}","[""haruhisky""]","[""WORK_00001"",""WORK_00068"",""WORK_00799"",""WORK_02582"",""WORK_02583""]","{""chinese"":null,""color"":null,""sample"":null,""translation"":""unknown"",""uncensored"":null}","{""allowDownload"":true,""categories"":[""短篇"",""同人""],""chineseTeam"":""灰羽社汉化组"",""created_at"":""2020-01-10T14:21:28.829Z"",""description"":""emmm好像就是乱交"",""epsCount"":1,""finished"":true,""pagesCount"":25,""tags"":[""C88"",""群交"",""顏射"",""巨乳"",""乳交"",""眼鏡"",""中出"",""劇情""],""updated_at"":""2020-01-11T03:01:28.154Z""}","6b6915985447961d54178657a439cf6dcf6694ea2fd165303e552b304ca39799","827890e6086334c724abc82463ff4c4176a751a5f7dc6073ff3d75e78a8f2750","2026-09-05T23:36:28.382825318+00:00","2026-09-05T23:36:28.382825318+00:00","2026-09-05T23:36:28.382825318+00:00","REVIEW_REQUIRED"
"REVIEW_d81cb06fbe7e11d9d678","REVIEW_REQUIRED","UNRESOLVED_TITLE_IDENTITY","pica","697e2f81527f0a0e25213c98","pica:697e2f81527f0a0e25213c98","紫のショウメイ〜黒い夢中〜 [中国翻訳] [DL版]","[""3104丁目 (3104)""]","{""canonical_author"":""3104"",""matched_tokens"":[""3104""],""rule"":""PARENTHESIZED_OFFICIAL_TOKEN""}","[""3104""]","[""WORK_00097"",""WORK_00098""]","{""chinese"":null,""color"":null,""sample"":null,""translation"":""unknown"",""uncensored"":null}","{""allowDownload"":true,""categories"":[""短篇"",""NTR""],""chineseTeam"":""空気系☆漢化"",""created_at"":""2026-01-31T11:17:21.281Z"",""description"":""\n☆長期招募翻譯和鑲字中！歡迎各種有熱情的新人和兼職！！本組為無償漢化組！！！☆"",""epsCount"":1,""finished"":true,""pagesCount"":49,""tags"":[""巨乳"",""蹦壞臉"",""NTR"",""自慰""],""updated_at"":""2026-01-31T16:36:17.032Z""}","d3abb82b506867f98aff3b3b0ad9454ab22a9aa574fd7a6954cda8086f573b48","4bb50281998be6d256a1102b239628091ee871028b47a0ca356e9b07dbba9c83","2026-09-05T23:36:28.382825318+00:00","2026-09-05T23:36:28.382825318+00:00","2026-09-05T23:36:28.382825318+00:00","REVIEW_REQUIRED"
"REVIEW_d9ca111ba56cf5ae2308","REVIEW_REQUIRED","LOW_INFORMATION_OR_COLLECTION_TITLE","pica","66d0934cdba8ca3871f85548","pica:66d0934cdba8ca3871f85548","ムチ宮ハルヒの困惑+2023ハルヒ支援サイトCG集総集編 (涼宮ハルヒの憂鬱) [DL版]","[""ろいやるびっち (haruhisky)""]","{""canonical_author"":""haruhisky"",""matched_tokens"":[""haruhisky""],""rule"":""PARENTHESIZED_OFFICIAL_TOKEN""}","[""haruhisky""]","[""WORK_00001"",""WORK_00068"",""WORK_00799"",""WORK_02582"",""WORK_02583""]","{""chinese"":null,""color"":null,""sample"":null,""translation"":""unknown"",""uncensored"":null}","{""allowDownload"":true,""categories"":[""CG雜圖"",""同人"",""全彩"",""生肉""],""chineseTeam"":"""",""created_at"":""2024-08-28T08:25:04.182Z"",""description"":""凉宫春日的困惑和一个cg的总集编，无汉化。由于绝大多数是全彩的cg，所以加个全彩的标签\n哔咔这兔女娘是什么鬼标签，不应该是兔女郎吗"",""epsCount"":1,""finished"":true,""pagesCount"":613,""tags"":[""校服"",""巨乳"",""懷孕"",""純愛"",""兔女娘""],""updated_at"":""2024-08-29T15:27:08.572Z""}","336a6ec6f0f306db69e2208768dfe716e6e301e92abb3b11b63540b780d62700","4290a1504c107e71d0bca8f4306f0690d98f2f01de18de69816ea4ba172561da","2026-09-05T23:36:28.382825318+00:00","2026-09-05T23:36:28.382825318+00:00","2026-09-05T23:36:28.382825318+00:00","REVIEW_REQUIRED"
"REVIEW_dcdb6b87dc0c7756ec94","REVIEW_REQUIRED","UNRESOLVED_TITLE_IDENTITY","jm","1441008","jm:1441008","[ろいやるびっち (haruhisky)] みょーちゃん先生かくパコりき3 文化祭ソープ編 (みょーちゃん先生はかく語りき) [中國翻譯] [DL版]","[""haruhisky""]","{""canonical_author"":""haruhisky"",""matched_tokens"":[""haruhisky""],""rule"":""DIRECT_EXACT""}","[""haruhisky""]","[""WORK_00001"",""WORK_00068"",""WORK_00799"",""WORK_02582"",""WORK_02583""]","{""chinese"":true,""color"":null,""sample"":null,""translation"":""unknown"",""uncensored"":null}","{""actors"":[],""addtime"":""1779414816"",""description"":""[Royal Bitch (haruhisky)] Myo-chan Sensei Kaku Pakoriki 3 Bunkasai Soap Hen (Myo-chan Sensei wa Kaku Katariki) [Chinese] [Digital]"",""series"":[],""series_id"":""0"",""tags"":[""巨乳"",""口交"",""護士"",""中文""],""total_photos"":40,""works"":[]}","8cf762395ac4733210ef1372a40f676fe41c2ac7a5a86d81c8983b9729471f5e","b8ac60bde9259550ac58b6c30d57ae0929ddde4b428f1747d644eaa31bc9ee84","2026-09-05T23:36:28.382825318+00:00","2026-09-05T23:36:28.382825318+00:00","2026-09-05T23:36:28.382825318+00:00","REVIEW_REQUIRED"
"REVIEW_dce3ae760a28dcdfb542","REVIEW_REQUIRED","UNRESOLVED_TITLE_IDENTITY","jm","1465221","jm:1465221","黒兔女郎的侍奉記錄♥ [最愛吃手手的大bt個人漢化] [Hello Girls! (10驛)] 黒うさぎの奉仕記錄♥ (ブルーアーカイブ) [DL版]","[""10駅""]","{""canonical_author"":""10驛"",""matched_tokens"":[""10駅""],""rule"":""DIRECT_NORMALIZED""}","[""10驛""]","[""WORK_01166"",""WORK_01167"",""WORK_01168"",""WORK_01169""]","{""chinese"":true,""color"":null,""sample"":null,""translation"":""unknown"",""uncensored"":null}","{""actors"":[],""addtime"":""1787624971"",""description"":"""",""series"":[],""series_id"":""0"",""tags"":[""巨乳"",""兔女郎"",""黑肉"",""中文""],""total_photos"":19,""works"":[]}","9dbbf40d28056639cb4df48a645ea00b37ee7bed6d73ff64a614dcb15074ed3b","02d4c67d660a86118b89ff118cb9efc8326d10d2cbacc98c2c442220f7ec36dd","2026-09-05T23:36:28.382825318+00:00","2026-09-05T23:36:28.382825318+00:00","2026-09-05T23:36:28.382825318+00:00","REVIEW_REQUIRED"
"REVIEW_ddbc9d8f315e44e22056","REVIEW_REQUIRED","UNRESOLVED_TITLE_IDENTITY","pica","68062b980877555c05bb6f36","pica:68062b980877555c05bb6f36","オモイデもカオリも","[""3104丁目 (3104)""]","{""canonical_author"":""3104"",""matched_tokens"":[""3104""],""rule"":""PARENTHESIZED_OFFICIAL_TOKEN""}","[""3104""]","[""WORK_00097"",""WORK_00098""]","{""chinese"":null,""color"":null,""sample"":null,""translation"":""unknown"",""uncensored"":true}","{""allowDownload"":true,""categories"":[""短篇"",""NTR""],""chineseTeam"":""暮想出版"",""created_at"":""2025-04-20T06:08:20.026Z"",""description"":""曾經的回憶與芬芳已不在\n明明已經有男友了，卻以「練習」為藉口和店長發生關係的夏織。\n第一次的性愛，對店長身上揮之不去的雄性氣味，強壯的身材和熟練的性行為，夏織完全沉淪在其中。\n這種「練習」愈來愈頻繁，愈來愈激烈，漸漸地，夏織淡忘了對男朋友小翔的思念……"",""epsCount"":1,""finished"":true,""pagesCount"":44,""tags"":[""無修正"",""巨乳"",""泳裝"",""乳交"",""中出""],""updated_at"":""2025-04-21T11:27:20.010Z""}","9f7da9c2353a3a9db5fc463818e85ecc35405a339cf2b9ccdc145693fabc3a63","fc5adef579d7b6869f4002f20d7004208826e604843b59de45fe487e579f6886","2026-09-05T23:36:28.382825318+00:00","2026-09-05T23:36:28.382825318+00:00","2026-09-05T23:36:28.382825318+00:00","REVIEW_REQUIRED"
"REVIEW_de344859ccd328129249","REVIEW_REQUIRED","UNRESOLVED_TITLE_IDENTITY","pica","69ce9a5318353472193bc6ce","pica:69ce9a5318353472193bc6ce","撮った女をデリヘル嬢にできる神アプリ -俺の事が嫌いな爆乳ギャルに恋人プレイで処女を捧げさせた-","[""一億万軒茶屋 (2-G)""]","{""canonical_author"":""2-G"",""matched_tokens"":[""2-G""],""rule"":""PARENTHESIZED_OFFICIAL_TOKEN""}","[""2-G""]","[""WORK_02657""]","{""chinese"":null,""color"":null,""sample"":null,""translation"":""unknown"",""uncensored"":null}","{""allowDownload"":true,""categories"":[""短篇""],""chineseTeam"":"""",""created_at"":""2026-04-01T15:53:24.856Z"",""description"":"""",""epsCount"":1,""finished"":true,""pagesCount"":20,""tags"":[""巨乳"",""學生"",""校服"",""乳交"",""中出"",""橫切面"",""潮吹""],""updated_at"":""2026-04-02T16:33:23.259Z""}","c358e7a5221bf1ab17c2ecd36098454efd6edcd7eb84868e261edb42719010c1","9b8557301ed68ae9e3cd1aa7a4f1fd642f0bb795ba180cb79d9a4235b374367e","2026-09-05T23:36:28.382825318+00:00","2026-09-05T23:36:28.382825318+00:00","2026-09-05T23:36:28.382825318+00:00","REVIEW_REQUIRED"
"REVIEW_dec48f0ec3759838d83a","REVIEW_REQUIRED","UNCONFIRMED_AUTHOR","jm","98072","jm:98072","[3104] 95式が體をお偉いさん方に好き勝手される (少女前線)","[]","{""canonical_author"":null,""matched_tokens"":[],""rule"":""NO_CONFIRMED_AUTHOR_EVIDENCE""}","[""3104""]","[]","{""chinese"":null,""color"":null,""sample"":null,""translation"":""unknown"",""uncensored"":null}","{""actors"":[],""addtime"":""1550391578"",""description"":"""",""series"":[],""series_id"":""0"",""tags"":[""95式が體をお偉いさん方に好き勝手される"",""少女前線""],""total_photos"":18,""works"":[]}","0739d16b7d9124c2fe3af9b5fb942783616fd3ca1a789026267ba9a2d0d0ac21","1b2c8d362ef2b1e28fa5662a4b06f35d94a9c164adbbe6dcf4b95d165e840ab1","2026-09-05T23:36:28.382825318+00:00","2026-09-05T23:36:28.382825318+00:00","2026-09-05T23:36:28.382825318+00:00","REVIEW_REQUIRED"
"REVIEW_dfe70aadb1dc741bc48b","REVIEW_REQUIRED","UNRESOLVED_TITLE_IDENTITY","jm","231742","jm:231742","[ろいやるびっち (haruhisky)] 氷ちゃんのシコシコバニーソープ","[""haruhisky""]","{""canonical_author"":""haruhisky"",""matched_tokens"":[""haruhisky""],""rule"":""DIRECT_EXACT""}","[""haruhisky""]","[""WORK_00001"",""WORK_00068"",""WORK_00799"",""WORK_02582"",""WORK_02583""]","{""chinese"":true,""color"":null,""sample"":null,""translation"":""unknown"",""uncensored"":null}","{""actors"":[],""addtime"":""1610365408"",""description"":"""",""series"":[],""series_id"":""0"",""tags"":[""巨乳"",""兔女郎"",""口交"",""中文""],""total_photos"":21,""works"":[]}","f278dea289b93f544834b2c11a3efd9fe4a0b93ff4d0837d989a93ca48ba1c26","7ce8deb7ca5bc00b15f9a295a056b542cf9d2f6a738dcaf585e36cc64d5f4d7d","2026-09-05T23:36:28.382825318+00:00","2026-09-05T23:36:28.382825318+00:00","2026-09-05T23:36:28.382825318+00:00","REVIEW_REQUIRED"
"REVIEW_e4e83d8092ab2e630fef","REVIEW_REQUIRED","UNRESOLVED_TITLE_IDENTITY","jm","202779","jm:202779","[無毒漢化組] [ろいやるびっち (haruhisky)] BBちゃんとバッドエンドを (Fate/Grand Order) [中國翻譯] [DL版]","[""haruhisky""]","{""canonical_author"":""haruhisky"",""matched_tokens"":[""haruhisky""],""rule"":""DIRECT_EXACT""}","[""haruhisky""]","[""WORK_00001"",""WORK_00068"",""WORK_00799"",""WORK_02582"",""WORK_02583""]","{""chinese"":true,""color"":null,""sample"":null,""translation"":""unknown"",""uncensored"":null}","{""actors"":[""BB""],""addtime"":""1593792073"",""description"":"""",""series"":[],""series_id"":""0"",""tags"":[""巨乳"",""黑肉"",""過膝襪"",""長筒靴"",""群交"",""中文""],""total_photos"":26,""works"":[""FGO""]}","c67622e9c9de48530a09791258e8e78219786f4da7030f424fbb6b71c162a7e0","ef16360c7cdabaff0eccb2176690c8de94f923bddfec7db74aab9e5e156cb789","2026-09-05T23:36:28.382825318+00:00","2026-09-05T23:36:28.382825318+00:00","2026-09-05T23:36:28.382825318+00:00","REVIEW_REQUIRED"
"REVIEW_e52ea5fe6406e1dca817","REVIEW_REQUIRED","UNRESOLVED_TITLE_IDENTITY","jm","616531","jm:616531","(C104) [3104丁目 (3104)] オモイデもカオリも (オリジナル) [DL版]","[""3104""]","{""canonical_author"":""3104"",""matched_tokens"":[""3104""],""rule"":""DIRECT_EXACT""}","[""3104""]","[""WORK_00097"",""WORK_00098""]","{""chinese"":null,""color"":null,""sample"":null,""translation"":""unknown"",""uncensored"":null}","{""actors"":[],""addtime"":""1723609343"",""description"":"""",""series"":[],""series_id"":""0"",""tags"":[""C104"",""巨乳"",""泳裝"",""出軌"",""醉酒"",""中出"",""乳交"",""日文""],""total_photos"":37,""works"":[]}","477b439fa57e546e82cdd4e0981090e147e7e91a92d458e9cf49d8330392efc3","7da92e13705740744df6f2a2d9fc8b16971abfa9edb9d141c5883ad2239284ee","2026-09-05T23:36:28.382825318+00:00","2026-09-05T23:36:28.382825318+00:00","2026-09-05T23:36:28.382825318+00:00","REVIEW_REQUIRED"
"REVIEW_e9d4fe1708b451878371","REVIEW_REQUIRED","UNRESOLVED_TITLE_IDENTITY","pica","66feae70698c49527cbf7f13","pica:66feae70698c49527cbf7f13"," オモイデもカオリも [中国翻訳] [DL版]","[""3104丁目 (3104)""]","{""canonical_author"":""3104"",""matched_tokens"":[""3104""],""rule"":""PARENTHESIZED_OFFICIAL_TOKEN""}","[""3104""]","[""WORK_00097"",""WORK_00098""]","{""chinese"":null,""color"":null,""sample"":null,""translation"":""unknown"",""uncensored"":null}","{""allowDownload"":true,""categories"":[""短篇"",""NTR""],""chineseTeam"":""空気系☆漢化"",""created_at"":""2024-10-02T09:38:16.384Z"",""description"":""☆猶豫，就會被綠。\n\n=====================================================================================================\n\n☆長期招募翻譯和鑲字中！歡迎各種有熱情的新人和兼職！！本組為無償漢化組！！！☆\n"",""epsCount"":1,""finished"":true,""pagesCount"":39,""tags"":[""巨乳"",""泳裝"",""蹦壞臉"",""NTR""],""updated_at"":""2024-10-03T14:47:12.237Z""}","f035c5b7c793e74ffff47910b57cbe21f0268360790e40ed5ffc4abc21a14217","df892e97402403aaf62170fe37de7c8564128a84247b5892c51f3a4d559263ee","2026-09-05T23:36:28.382825318+00:00","2026-09-05T23:36:28.382825318+00:00","2026-09-05T23:36:28.382825318+00:00","REVIEW_REQUIRED"
"REVIEW_ea506c990a449366038f","REVIEW_REQUIRED","UNRESOLVED_TITLE_IDENTITY","jm","1216028","jm:1216028","(C106) [HoneyRoad (Bee導師)] 配達バニーガールとサービスえっち3 [DL版]","[""Bee導師""]","{""canonical_author"":""Bee導師"",""matched_tokens"":[""Bee導師""],""rule"":""DIRECT_EXACT""}","[""Bee導師""]","[""WORK_01172"",""WORK_01173"",""WORK_01175""]","{""chinese"":null,""color"":null,""sample"":null,""translation"":""unknown"",""uncensored"":null}","{""actors"":[],""addtime"":""1758272775"",""description"":""(C106) [HoneyRoad (Bee Doushi)] Haitatsu Bunny Girl to Service Ecchi 3 - Delivery Bunny Girl [Digital]"",""series"":[],""series_id"":""0"",""tags"":[""C106"",""劇情向"",""兔女郎"",""獸耳"",""連體衣"",""過膝襪"",""接吻"",""中出"",""日文""],""total_photos"":27,""works"":[]}","e3c644d1599f75c009042420e25ad0254d791b91e6fb7c98189aa32f0868d3b6","d45e86b8fb1ecc1037535507471a15e80763ff62ba97a8bcbe423faaa1df05f2","2026-09-05T23:36:28.382825318+00:00","2026-09-05T23:36:28.382825318+00:00","2026-09-05T23:36:28.382825318+00:00","REVIEW_REQUIRED"
"REVIEW_eb682b64ffad8a225933","REVIEW_REQUIRED","UNRESOLVED_TITLE_IDENTITY","jm","1127145","jm:1127145","[ろいやるびっち (haruhisky)] 妻が他人の雌になるま里 [空氣系☆漢化] [DL版]","[""haruhisky""]","{""canonical_author"":""haruhisky"",""matched_tokens"":[""haruhisky""],""rule"":""DIRECT_EXACT""}","[""haruhisky""]","[""WORK_00001"",""WORK_00068"",""WORK_00799"",""WORK_02582"",""WORK_02583""]","{""chinese"":true,""color"":null,""sample"":null,""translation"":""unknown"",""uncensored"":null}","{""actors"":[],""addtime"":""1744518501"",""description"":"""",""series"":[],""series_id"":""0"",""tags"":[""巨乳"",""中出"",""熟女"",""NTR"",""劇情向"",""中文""],""total_photos"":64,""works"":[]}","d41b2e97efc524f904b200396bd6543f336963aa78c405e6662bbbc70d75bc9f","accc4d74fe48960c41e4172af5d233a181f4cc0a821a2c147210d738dfdf50b4","2026-09-05T23:36:28.382825318+00:00","2026-09-05T23:36:28.382825318+00:00","2026-09-05T23:36:28.382825318+00:00","REVIEW_REQUIRED"
"REVIEW_ebd2b7a01fe7ec8b1850","REVIEW_REQUIRED","UNRESOLVED_TITLE_IDENTITY","jm","617827","jm:617827","[空氣系☆漢化]  [3104丁目 (3104)] オモイデもカオリも [中國翻譯] [DL版]","[""3104""]","{""canonical_author"":""3104"",""matched_tokens"":[""3104""],""rule"":""DIRECT_EXACT""}","[""3104""]","[""WORK_00097"",""WORK_00098""]","{""chinese"":true,""color"":null,""sample"":null,""translation"":""unknown"",""uncensored"":null}","{""actors"":[],""addtime"":""1723715465"",""description"":"""",""series"":[],""series_id"":""0"",""tags"":[""C104"",""巨乳"",""泳裝"",""出軌"",""醉酒"",""中出"",""乳交"",""中文""],""total_photos"":39,""works"":[]}","b07ec4072048c1915f31874ba27b01506e47f82b6b489b526d348042a1187f14","89ae9b9da6b9b0b418da7b1e69ce948e111c77e0f75912d412f511ff9f762496","2026-09-05T23:36:28.382825318+00:00","2026-09-05T23:36:28.382825318+00:00","2026-09-05T23:36:28.382825318+00:00","REVIEW_REQUIRED"
"REVIEW_ebff4fc8d6276ad1f76b","REVIEW_REQUIRED","UNRESOLVED_TITLE_IDENTITY","pica","5e1a8b9d3610de778163ec0d","pica:5e1a8b9d3610de778163ec0d","くーねるすまた 5 (くーねるまるた) [中国翻訳] [DL版]","[""ろいやるびっち (haruhisky)""]","{""canonical_author"":""haruhisky"",""matched_tokens"":[""haruhisky""],""rule"":""PARENTHESIZED_OFFICIAL_TOKEN""}","[""haruhisky""]","[""WORK_00001"",""WORK_00068"",""WORK_00799"",""WORK_02582"",""WORK_02583""]","{""chinese"":null,""color"":null,""sample"":null,""translation"":""unknown"",""uncensored"":null}","{""allowDownload"":true,""categories"":[""短篇"",""同人""],""chineseTeam"":""灰羽社汉化组"",""created_at"":""2020-01-11T15:02:29.968Z"",""description"":""真是欢快的旅行啊"",""epsCount"":1,""finished"":true,""pagesCount"":22,""tags"":[""巨乳"",""溫泉"",""浴衣"",""口交"",""亂交"",""肛交"",""蹦壞臉"",""中出"",""肛內中出""],""updated_at"":""2020-01-12T02:59:41.689Z""}","4627e98ee6cb1864c7b3e4d8324382c80c63ffb69483557e44450a9fe53e0336","40abc615ad7936c52f95f1017ffe0af02e0e1c2d1e52db68a91f69c449c7ab7d","2026-09-05T23:36:28.382825318+00:00","2026-09-05T23:36:28.382825318+00:00","2026-09-05T23:36:28.382825318+00:00","REVIEW_REQUIRED"
"REVIEW_ec005fe13d2e23872b7f","REVIEW_REQUIRED","UNRESOLVED_TITLE_IDENTITY","pica","5d5d7c2174184679c1e641ad","pica:5d5d7c2174184679c1e641ad"," くーねるすまた6 (くーねるまるた) [中国翻訳] [無修正] [DL版]","[""ろいやるびっち (haruhisky)""]","{""canonical_author"":""haruhisky"",""matched_tokens"":[""haruhisky""],""rule"":""PARENTHESIZED_OFFICIAL_TOKEN""}","[""haruhisky""]","[""WORK_00001"",""WORK_00068"",""WORK_00799"",""WORK_02582"",""WORK_02583""]","{""chinese"":null,""color"":null,""sample"":null,""translation"":""unknown"",""uncensored"":true}","{""allowDownload"":true,""categories"":[""同人"",""短篇"",""姐姐系""],""chineseTeam"":""不明（个人汉化）"",""created_at"":""2019-08-21T17:09:45.231Z"",""description"":""玛尔达？"",""epsCount"":1,""finished"":true,""pagesCount"":21,""tags"":[""正太"",""浴室"",""巨乳"",""中出"",""口交""],""updated_at"":""2019-08-21T17:15:13.933Z""}","f7895d398cd9752238f6122f7ec4f033e98505413d716b0a8f5cf75a2e8746d2","83dc7b1fd5734365bd6a002ebb9e1a587ce414d0a249989f3fa01223a2f271ca","2026-09-05T23:36:28.382825318+00:00","2026-09-05T23:36:28.382825318+00:00","2026-09-05T23:36:28.382825318+00:00","REVIEW_REQUIRED"
"REVIEW_ecfcc899a3631e6ee5d6","REVIEW_REQUIRED","UNRESOLVED_TITLE_IDENTITY","jm","1043488","jm:1043488","(C105) [ろいやるびっち (haruhisky)] アオハルトラレ (オリジナル) [DL版]","[""haruhisky""]","{""canonical_author"":""haruhisky"",""matched_tokens"":[""haruhisky""],""rule"":""DIRECT_EXACT""}","[""haruhisky""]","[""WORK_00001"",""WORK_00068"",""WORK_00799"",""WORK_02582"",""WORK_02583""]","{""chinese"":null,""color"":null,""sample"":null,""translation"":""unknown"",""uncensored"":null}","{""actors"":[],""addtime"":""1735184319"",""description"":"""",""series"":[],""series_id"":""0"",""tags"":[""C105"",""巨乳"",""口交"",""處女"",""拍攝"",""辣妹"",""後宮"",""催眠"",""中出"",""NTR"",""馬尾"",""校服"",""群交"",""日文""],""total_photos"":61,""works"":[]}","f7795e2febe4928093037b15b8bfe6eeeecb986fbe27f01b3b3577863764a5d8","5de52c6352c5359a8ca47da80ed8519d385e51236c97a52cd9e65cf31d4798cf","2026-09-05T23:36:28.382825318+00:00","2026-09-05T23:36:28.382825318+00:00","2026-09-05T23:36:28.382825318+00:00","REVIEW_REQUIRED"
"REVIEW_ed0c253c837fe3d38f92","REVIEW_REQUIRED","UNRESOLVED_TITLE_IDENTITY","jm","483345","jm:483345","(C102) [HoneyRoad (Bee導師)] アリサ2外傳 おまけ-BAD後日談編- (オリジナル) [DL版]","[""Bee導師""]","{""canonical_author"":""Bee導師"",""matched_tokens"":[""Bee導師""],""rule"":""DIRECT_EXACT""}","[""Bee導師""]","[""WORK_01172"",""WORK_01173"",""WORK_01175""]","{""chinese"":null,""color"":null,""sample"":null,""translation"":""unknown"",""uncensored"":null}","{""actors"":[],""addtime"":""1693149273"",""description"":"""",""series"":[],""series_id"":""0"",""tags"":[""C102"",""巨乳"",""強暴"",""日文""],""total_photos"":27,""works"":[]}","036c9c8540a83a938dcddb2e93df6f0d1db9a1abf33b3793e6a2ad044a10d92c","d563628d09db9ba10193bfedef76ca4d8e4cc57bb731be28a2ea67f5650f45ea","2026-09-05T23:36:28.382825318+00:00","2026-09-05T23:36:28.382825318+00:00","2026-09-05T23:36:28.382825318+00:00","REVIEW_REQUIRED"
"REVIEW_edc48ef488ef977f3d31","REVIEW_REQUIRED","UNRESOLVED_TITLE_IDENTITY","jm","378660","jm:378660","(C100) [HoneyRoad (Bee導師)] アリサ 貪欲な王の罠 (オリジナル) [DL版]","[""Bee導師""]","{""canonical_author"":""Bee導師"",""matched_tokens"":[""Bee導師""],""rule"":""DIRECT_EXACT""}","[""Bee導師""]","[""WORK_01172"",""WORK_01173"",""WORK_01175""]","{""chinese"":true,""color"":null,""sample"":null,""translation"":""unknown"",""uncensored"":null}","{""actors"":[],""addtime"":""1663092602"",""description"":"""",""series"":[],""series_id"":""0"",""tags"":[""C100"",""巨乳"",""中出"",""口交"",""中文""],""total_photos"":28,""works"":[]}","b1fa7863c5aca42945f69d140713f1df5064ee0951ba9167e96f49c4e3b0cbe5","8694e2be3c36b13df1abc9b981093d95a72ab2c4b5c650ad11af9528b6db57e0","2026-09-05T23:36:28.382825318+00:00","2026-09-05T23:36:28.382825318+00:00","2026-09-05T23:36:28.382825318+00:00","REVIEW_REQUIRED"
"REVIEW_ef05b5f9b3d245099e90","REVIEW_REQUIRED","UNRESOLVED_TITLE_IDENTITY","jm","623135","jm:623135","(C104) [ろいやるびっち (haruhisky)] SOS團ソープへようこそ (涼宮ハルヒの憂鬱) [DL版]","[""haruhisky""]","{""canonical_author"":""haruhisky"",""matched_tokens"":[""haruhisky""],""rule"":""DIRECT_EXACT""}","[""haruhisky""]","[""WORK_00001"",""WORK_00068"",""WORK_00799"",""WORK_02582"",""WORK_02583""]","{""chinese"":null,""color"":null,""sample"":null,""translation"":""unknown"",""uncensored"":null}","{""actors"":[""涼宮春日"",""朝比奈實玖瑠"",""長門有希""],""addtime"":""1724212121"",""description"":"""",""series"":[],""series_id"":""0"",""tags"":[""C104"",""肛交"",""兔女郎"",""中出"",""援交"",""群交"",""日文""],""total_photos"":52,""works"":[""涼宮春日的憂鬱"",""涼宮ハルヒの憂鬱""]}","a13b754f90be7297cf9f4dc747ca91079e182740cbc735be523db54ef1cb8e99","da56ac0452a7dee9bf2ccd525d552fcd301ea7a1d50c2687602fe698bed2a630","2026-09-05T23:36:28.382825318+00:00","2026-09-05T23:36:28.382825318+00:00","2026-09-05T23:36:28.382825318+00:00","REVIEW_REQUIRED"
"REVIEW_ef39f95d7332005b4d0b","REVIEW_REQUIRED","UNCONFIRMED_AUTHOR","jm","83215","jm:83215","[ろいやるびっち(haruhisky)][水著師匠と戀人エッチする本。]","[]","{""canonical_author"":null,""matched_tokens"":[],""rule"":""NO_CONFIRMED_AUTHOR_EVIDENCE""}","[""haruhisky""]","[]","{""chinese"":null,""color"":null,""sample"":null,""translation"":""unknown"",""uncensored"":null}","{""actors"":[],""addtime"":""1534904548"",""description"":""空気系☆漢化"",""series"":[],""series_id"":""0"",""tags"":[""ろいやるびっち""],""total_photos"":24,""works"":[]}","bff1e280e6fcaaf7099ca3a630027d4b493a9567d69e60406fe2e5cf1de08d3e","97d455d51d41f921a46e5779c7faa6fc6d3860747982a65caa1e266e26de6cbf","2026-09-05T23:36:28.382825318+00:00","2026-09-05T23:36:28.382825318+00:00","2026-09-05T23:36:28.382825318+00:00","REVIEW_REQUIRED"
"REVIEW_ef9a928998dc6666544c","REVIEW_REQUIRED","UNRESOLVED_TITLE_IDENTITY","jm","616490","jm:616490","外賣兔女郎 2 [驢子漢化組] [HoneyRoad (Bee導師)] 配達バニーガール 2 [中國翻譯] [DL版]","[""Bee導師""]","{""canonical_author"":""Bee導師"",""matched_tokens"":[""Bee導師""],""rule"":""DIRECT_EXACT""}","[""Bee導師""]","[""WORK_01172"",""WORK_01173"",""WORK_01175""]","{""chinese"":true,""color"":null,""sample"":null,""translation"":""unknown"",""uncensored"":null}","{""actors"":[],""addtime"":""1723604048"",""description"":"""",""series"":[],""series_id"":""0"",""tags"":[""巨乳"",""兔女郎"",""過膝襪"",""中文""],""total_photos"":19,""works"":[]}","0624c5cb9eeb2c839234e354a5be5af2383423ed6b096aae30a90eec24cdeff3","6b1bfb0c518b61a307d55d05d8583d266afebbabcd9a2847ff7dacd62b50bd78","2026-09-05T23:36:28.382825318+00:00","2026-09-05T23:36:28.382825318+00:00","2026-09-05T23:36:28.382825318+00:00","REVIEW_REQUIRED"
"REVIEW_eff4bbfd0960f6fd096a","REVIEW_REQUIRED","UNRESOLVED_TITLE_IDENTITY","pica","60118765f8d9774a09d46a66","pica:60118765f8d9774a09d46a66"," HEROINE (アズールレーン) [中国翻訳] [DL版]","[""3104丁目 (3104)""]","{""canonical_author"":""3104"",""matched_tokens"":[""3104""],""rule"":""PARENTHESIZED_OFFICIAL_TOKEN""}","[""3104""]","[""WORK_00097"",""WORK_00098""]","{""chinese"":null,""color"":null,""sample"":null,""translation"":""unknown"",""uncensored"":null}","{""allowDownload"":true,""categories"":[""短篇"",""同人"",""NTR""],""chineseTeam"":""不可视汉化，不够色汉化组"",""created_at"":""2021-01-27T06:32:34.399Z"",""description"":""不可视汉化组\n\n承接漫画、小说、电影、游戏商单。更多众筹汉化开坑，合作及定制"",""epsCount"":2,""finished"":true,""pagesCount"":48,""tags"":[""碧藍航線"",""巨乳"",""蹦壞臉"",""阿嘿顏"",""痴女"",""泳裝"",""中出"",""橫切面"",""酒醉"",""性玩具"",""辣妹""],""updated_at"":""2021-01-31T15:16:24.979Z""}","fd114fd2fba4f61966845899a7062a088da79c4e421bf02098c89c47464d0831","97e3824877159147aed687408ca5db487945f1277923e7fd66957c555cff1abd","2026-09-05T23:36:28.382825318+00:00","2026-09-05T23:36:28.382825318+00:00","2026-09-05T23:36:28.382825318+00:00","REVIEW_REQUIRED"
"REVIEW_f2652f54117e1713cbac","REVIEW_REQUIRED","UNRESOLVED_TITLE_IDENTITY","jm","136539","jm:136539","[ろいやるびっち (haruhisky)] くーねるすまた6 (くーねるまるた) [中國翻譯] [無修正]","[""haruhisky""]","{""canonical_author"":""haruhisky"",""matched_tokens"":[""haruhisky""],""rule"":""DIRECT_EXACT""}","[""haruhisky""]","[""WORK_00001"",""WORK_00068"",""WORK_00799"",""WORK_02582"",""WORK_02583""]","{""chinese"":true,""color"":null,""sample"":null,""translation"":""unknown"",""uncensored"":true}","{""actors"":[],""addtime"":""1569548949"",""description"":"""",""series"":[],""series_id"":""0"",""tags"":[""中文"",""無修正""],""total_photos"":22,""works"":[]}","d7c9f62e091a78457d44bfc50de52b0a5baaf3c2f6c3382577223184f6f3ef68","f79dace7f063426a1eab76b7ab157f0a08d10394dff19a6605848dd3d3d79caf","2026-09-05T23:36:28.382825318+00:00","2026-09-05T23:36:28.382825318+00:00","2026-09-05T23:36:28.382825318+00:00","REVIEW_REQUIRED"
"REVIEW_f2c41b229f31d458ffe0","REVIEW_REQUIRED","UNCONFIRMED_AUTHOR","jm","104197","jm:104197","Artist - Haruhisky","[]","{""canonical_author"":null,""matched_tokens"":[],""rule"":""NO_CONFIRMED_AUTHOR_EVIDENCE""}","[""haruhisky""]","[]","{""chinese"":null,""color"":null,""sample"":null,""translation"":""unknown"",""uncensored"":null}","{""actors"":[],""addtime"":""1557001091"",""description"":""最棒的涼宮畫家"",""series"":[],""series_id"":""0"",""tags"":[""artist"",""haruhisky""],""total_photos"":360,""works"":[]}","37195a1c58569fc8a30b2d739a4f63a54ab03d977cef90ccc0a95ed324742417","e74176a04fdc56be12770765ab33dd7c0632a26fc50cf372efcc4c16cb623008","2026-09-05T23:36:28.382825318+00:00","2026-09-05T23:36:28.382825318+00:00","2026-09-05T23:36:28.382825318+00:00","REVIEW_REQUIRED"
"REVIEW_f44a8caaf697514cf0be","REVIEW_REQUIRED","UNRESOLVED_TITLE_IDENTITY","jm","216791","jm:216791","姐姐投入了父親的懷抱2 [A-HY個人漢化] [ろいやるびっち (haruhisky)] 姉は親父に抱かれてる 2 [中國翻譯] [無修正]","[""haruhisky""]","{""canonical_author"":""haruhisky"",""matched_tokens"":[""haruhisky""],""rule"":""DIRECT_EXACT""}","[""haruhisky""]","[""WORK_00001"",""WORK_00068"",""WORK_00799"",""WORK_02582"",""WORK_02583""]","{""chinese"":true,""color"":null,""sample"":null,""translation"":""unknown"",""uncensored"":true}","{""actors"":[],""addtime"":""1632897649"",""description"":"""",""series"":[],""series_id"":""0"",""tags"":[""無修正"",""劇情向"",""亂倫"",""NTR"",""父女"",""露出"",""吊帶襪"",""手套"",""懷孕"",""過膝襪"",""其他校服"",""中文""],""total_photos"":84,""works"":[""姉は親父に抱かれてる""]}","94cbdc053076021327ff1380b023239f2a1988c49c331646a6bf0f6d2625d809","d9e84ad66d1c17710f6817459d6b9b8f81921a381456687eb90a4afb744a1962","2026-09-05T23:36:28.382825318+00:00","2026-09-05T23:36:28.382825318+00:00","2026-09-05T23:36:28.382825318+00:00","REVIEW_REQUIRED"
"REVIEW_f49b3d0b82f805cc4f27","REVIEW_REQUIRED","UNRESOLVED_TITLE_IDENTITY","pica","68a74893dbeebf5c23e27386","pica:68a74893dbeebf5c23e27386","セイバーさん ヤリモクナンパ待ち プール編 (Fate/stay night)","[""ろいやるびっち (haruhisky)""]","{""canonical_author"":""haruhisky"",""matched_tokens"":[""haruhisky""],""rule"":""PARENTHESIZED_OFFICIAL_TOKEN""}","[""haruhisky""]","[""WORK_00001"",""WORK_00068"",""WORK_00799"",""WORK_02582"",""WORK_02583""]","{""chinese"":null,""color"":null,""sample"":null,""translation"":""unknown"",""uncensored"":null}","{""allowDownload"":true,""categories"":[""同人"",""短篇"",""Fate""],""chineseTeam"":""路人漢化"",""created_at"":""2025-08-20T12:39:35.965Z"",""description"":"""",""epsCount"":1,""finished"":true,""pagesCount"":38,""tags"":[""FATE: 澟"",""FATE/Stay Night"",""Saber"",""FATE: 劍兵 SABER"",""泳裝"",""口交"",""中出"",""群交""],""updated_at"":""2025-08-21T16:25:55.834Z""}","b3f00938227f49f04c8390b8908067849490ab43a2c32131966fcacb00803f8f","7d7d78d1dfe13a14cabd0e19c8f7e4f9f2ea4d5d27d52b7809db26523b7ecb3a","2026-09-05T23:36:28.382825318+00:00","2026-09-05T23:36:28.382825318+00:00","2026-09-05T23:36:28.382825318+00:00","REVIEW_REQUIRED"
"REVIEW_f51219b2a7aa7eaf01b3","REVIEW_REQUIRED","UNRESOLVED_TITLE_IDENTITY","pica","58df562bf812533976fcebcd","pica:58df562bf812533976fcebcd","はるこす4 (涼宮ハルヒの憂鬱)","[""ろいやるびっち (haruhisky)""]","{""canonical_author"":""haruhisky"",""matched_tokens"":[""haruhisky""],""rule"":""PARENTHESIZED_OFFICIAL_TOKEN""}","[""haruhisky""]","[""WORK_00001"",""WORK_00068"",""WORK_00799"",""WORK_02582"",""WORK_02583""]","{""chinese"":null,""color"":null,""sample"":null,""translation"":""unknown"",""uncensored"":null}","{""allowDownload"":true,""categories"":[""同人"",""全彩""],""created_at"":""2017-04-01T07:21:45.779Z"",""description"":""涼宮春日為北高一年五班的學生；隨着故事的進行，現已為二年五班學生，身高1.58米。"",""epsCount"":1,""finished"":true,""pagesCount"":29,""tags"":[""C91"",""乳汁"",""比基尼"",""女忍"",""啦啦隊"",""口交"",""畫集""],""updated_at"":""2017-04-01T07:26:35.314Z""}","de1f750279e221668e4e1cf834c34f624e8d952ad73576df3f8087894797481f","3ed396f220beb0bae8b8264343b336adba9049c0fbc8ca9643345b1df25d69ec","2026-09-05T23:36:28.382825318+00:00","2026-09-05T23:36:28.382825318+00:00","2026-09-05T23:36:28.382825318+00:00","REVIEW_REQUIRED"
"REVIEW_f63ae0753046f8493b67","REVIEW_REQUIRED","UNRESOLVED_TITLE_IDENTITY","pica","5cc1b5cdc897694df7ec5487","pica:5cc1b5cdc897694df7ec5487","師匠を孕ませるまで出られないシミュレーター (Fate/Grand Order) [DL版]","[""ろいやるびっち (haruhisky)""]","{""canonical_author"":""haruhisky"",""matched_tokens"":[""haruhisky""],""rule"":""PARENTHESIZED_OFFICIAL_TOKEN""}","[""haruhisky""]","[""WORK_00001"",""WORK_00068"",""WORK_00799"",""WORK_02582"",""WORK_02583""]","{""chinese"":null,""color"":null,""sample"":null,""translation"":""unknown"",""uncensored"":null}","{""allowDownload"":true,""categories"":[""短篇"",""同人"",""純愛"",""Fate""],""chineseTeam"":""黎欧×新桥月白日语社"",""created_at"":""2019-04-24T12:54:02.815Z"",""description"":""这作者从没让我失望过。。。（等不及汉化了，就委托新桥翻译自己嵌完了，应该有后本。期待。。。。。）（6/13 有部分私信说汉化的字体和分辨率导致看的很累。。。。。总之重新嵌了一遍分辨也改了下）"",""epsCount"":4,""finished"":true,""pagesCount"":105,""tags"":[""Fate / Grand Order"",""巨乳"",""緊身衣""],""updated_at"":""2019-06-13T07:21:06.344Z""}","70d876b85ca2881e23be0f30cfb747f36458cf08cd1988f741f39b55105cfa0c","472cc96f9fdfd5f6a37b464f7c7ddde65b35f3dc3f8cdfa503b606114db3bf1d","2026-09-05T23:36:28.382825318+00:00","2026-09-05T23:36:28.382825318+00:00","2026-09-05T23:36:28.382825318+00:00","REVIEW_REQUIRED"
"REVIEW_f94f489a73d1a623c0f9","REVIEW_REQUIRED","UNRESOLVED_TITLE_IDENTITY","pica","5c710c8d9b0f6b1108882574","pica:5c710c8d9b0f6b1108882574","95式が体をお偉いさん方に好き勝手される (少女前線)","[""3104""]","{""canonical_author"":""3104"",""matched_tokens"":[""3104""],""rule"":""DIRECT_EXACT""}","[""3104""]","[""WORK_00097"",""WORK_00098""]","{""chinese"":null,""color"":null,""sample"":null,""translation"":""unknown"",""uncensored"":null}","{""allowDownload"":true,""categories"":[""全彩"",""同人"",""短篇"",""CG雜圖"",""生肉""],""created_at"":""2019-02-17T16:28:32.399Z"",""epsCount"":1,""finished"":false,""pagesCount"":18,""tags"":[""少女前線"",""畫集"",""生肉""],""updated_at"":""2019-02-23T09:04:13.929Z""}","e488dfe7e6ae3a29699e435def6f3c1942d61ee035d05228a67a31bcd5352512","3b884842ed09521d84f863cf781b74bc5f0a3e7ce2c35576b309acc2f909db19","2026-09-05T23:36:28.382825318+00:00","2026-09-05T23:36:28.382825318+00:00","2026-09-05T23:36:28.382825318+00:00","REVIEW_REQUIRED"
"REVIEW_f9f20564236a83e6c3e2","REVIEW_REQUIRED","UNCONFIRMED_AUTHOR","jm","103441","jm:103441","[ろいやるびっち (haruhisky)] 師匠に土下座して戀人エッチしてもらう本。 (FGO)","[""haruhisk""]","{""canonical_author"":null,""matched_tokens"":[],""rule"":""NO_CONFIRMED_AUTHOR_EVIDENCE""}","[""haruhisky""]","[]","{""chinese"":true,""color"":null,""sample"":null,""translation"":""unknown"",""uncensored"":null}","{""actors"":[],""addtime"":""1629952876"",""description"":"""",""series"":[],""series_id"":""0"",""tags"":[""巨乳"",""熟女"",""緊身衣"",""連褲襪"",""透視"",""中文""],""total_photos"":23,""works"":[]}","80863200b1a348295a51e64961e227e5edfcc5a0a8446efe1cad7a32c14f8339","2aa623d629e5d9db2fe379fbf663d85f56d673df9d105379ca6475e259092035","2026-09-05T23:36:28.382825318+00:00","2026-09-05T23:36:28.382825318+00:00","2026-09-05T23:36:28.382825318+00:00","REVIEW_REQUIRED"
"REVIEW_fa8538ad4c498ba60eb8","REVIEW_REQUIRED","UNRESOLVED_TITLE_IDENTITY","jm","231801","jm:231801","[ろいやるびっち (haruhisky)] 氷ちゃんのAVショップ一日店長さん","[""haruhisky""]","{""canonical_author"":""haruhisky"",""matched_tokens"":[""haruhisky""],""rule"":""DIRECT_EXACT""}","[""haruhisky""]","[""WORK_00001"",""WORK_00068"",""WORK_00799"",""WORK_02582"",""WORK_02583""]","{""chinese"":true,""color"":null,""sample"":null,""translation"":""unknown"",""uncensored"":null}","{""actors"":[],""addtime"":""1610428185"",""description"":"""",""series"":[],""series_id"":""0"",""tags"":[""巨乳"",""露出"",""中文""],""total_photos"":18,""works"":[]}","b9614699406144e179011aa5a2469ac0ed469e4c1bad0618f4dfee5039dfba41","79b8bad09aaab180ce009eaf0b75be02087ae09800c12fc3f2a1cd7dca09dc62","2026-09-05T23:36:28.382825318+00:00","2026-09-05T23:36:28.382825318+00:00","2026-09-05T23:36:28.382825318+00:00","REVIEW_REQUIRED"
"REVIEW_fae8e00971f57b62ae95","REVIEW_REQUIRED","UNRESOLVED_TITLE_IDENTITY","pica","5e756304d0894c7413f1ef9b","pica:5e756304d0894c7413f1ef9b","[Artist]Haruhisky","[""Haruhisky""]","{""canonical_author"":""haruhisky"",""matched_tokens"":[""Haruhisky""],""rule"":""DIRECT_NORMALIZED""}","[""haruhisky""]","[""WORK_00001"",""WORK_00068"",""WORK_00799"",""WORK_02582"",""WORK_02583""]","{""chinese"":null,""color"":null,""sample"":null,""translation"":""unknown"",""uncensored"":null}","{""allowDownload"":true,""categories"":[""短篇"",""同人"",""全彩"",""CG雜圖"",""Fate"",""非人類""],""chineseTeam"":""无"",""created_at"":""2020-03-19T07:53:25.741Z"",""description"":""色图"",""epsCount"":2,""finished"":true,""pagesCount"":160,""tags"":[""Fate / Grand Order"",""FGO: 斯卡哈""],""updated_at"":""2020-03-22T11:34:27.738Z""}","6c3180be1df93a31fdd75a4d47b7b8b1976ac0120bd2e94e79dfdbde95a104e3","87c8a295cf79b544710727463e2988351830155a6f8bcdfdeaabb43c7a6bf667","2026-09-05T23:36:28.382825318+00:00","2026-09-05T23:36:28.382825318+00:00","2026-09-05T23:36:28.382825318+00:00","REVIEW_REQUIRED"
"REVIEW_fbc5483c2fe84943fce8","REVIEW_REQUIRED","UNRESOLVED_TITLE_IDENTITY","pica","5e6ed3d5f451fa758e6404f0","pica:5e6ed3d5f451fa758e6404f0","Soon Lazy [中国翻訳] [DL版]","[""3104丁目 (3104)""]","{""canonical_author"":""3104"",""matched_tokens"":[""3104""],""rule"":""PARENTHESIZED_OFFICIAL_TOKEN""}","[""3104""]","[""WORK_00097"",""WORK_00098""]","{""chinese"":null,""color"":null,""sample"":null,""translation"":""unknown"",""uncensored"":null}","{""allowDownload"":true,""categories"":[""短篇"",""NTR""],""chineseTeam"":""如若昇天個人漢化"",""created_at"":""2020-03-15T08:35:13.432Z"",""description"":""NTR"",""epsCount"":1,""finished"":true,""pagesCount"":32,""tags"":[""巨乳"",""手套"",""女僕"",""情趣內衣"",""中出"",""調教"",""蹦壞臉"",""墮落"",""NTR"",""口交"",""乳交"",""裸體圍裙"",""肉便器""],""updated_at"":""2020-03-16T01:18:13.388Z""}","71e36893444531dab72079a808709da68e89ca3d8f81192f3976ffc88a5b1165","5931653adf426df83d4be08aa8353868b8a26d6fc2abd6e9ef32e336585b8ae9","2026-09-05T23:36:28.382825318+00:00","2026-09-05T23:36:28.382825318+00:00","2026-09-05T23:36:28.382825318+00:00","REVIEW_REQUIRED"
"REVIEW_fe9521853e9f6185e804","REVIEW_REQUIRED","UNRESOLVED_TITLE_IDENTITY","jm","408377","jm:408377","[空氣系☆漢化] (C100) [Hello Girls! (10驛)] 仙醉酒 (原神)","[""10駅""]","{""canonical_author"":""10驛"",""matched_tokens"":[""10駅""],""rule"":""DIRECT_NORMALIZED""}","[""10驛""]","[""WORK_01166"",""WORK_01167"",""WORK_01168"",""WORK_01169""]","{""chinese"":true,""color"":null,""sample"":null,""translation"":""unknown"",""uncensored"":null}","{""actors"":[""申鶴""],""addtime"":""1672566965"",""description"":"""",""series"":[],""series_id"":""0"",""tags"":[""C100"",""巨乳"",""醉酒"",""中文""],""total_photos"":20,""works"":[""原神""]}","08d5d662a5f11eab3cbaf84181f48c3daeba98b0eecdc1c2ece2ca3fb709fe6b","f98760b4748b8c5457c8bb47504cc7467c69f942e1efcc240c1c80ceddf166fa","2026-09-05T23:36:28.382825318+00:00","2026-09-05T23:36:28.382825318+00:00","2026-09-05T23:36:28.382825318+00:00","REVIEW_REQUIRED"
"REVIEW_fed7078706890c7c7f19","REVIEW_REQUIRED","UNRESOLVED_TITLE_IDENTITY","jm","1016609","jm:1016609","[萌意永久潤色機翻] (C103) [Tear Drop (ついな)] D Dungeon for Adult Lv.6 (トゥハート)","[""10駅""]","{""canonical_author"":""10驛"",""matched_tokens"":[""10駅""],""rule"":""DIRECT_NORMALIZED""}","[""10驛""]","[""WORK_01166"",""WORK_01167"",""WORK_01168"",""WORK_01169""]","{""chinese"":true,""color"":true,""sample"":null,""translation"":""ai"",""uncensored"":null}","{""actors"":[""保科智子""],""addtime"":""1730729455"",""description"":"""",""series"":[],""series_id"":""0"",""tags"":[""C103"",""眼鏡"",""全彩"",""中文""],""total_photos"":27,""works"":[""To"",""Heart""]}","91570fc053ac8c9f0f9c3201dbff4a1b990948164f5fe9a2d79170edb30bac4c","20c85d365f561e10db4101f5707d3fe1dd8db6f9216a2f4dd61608fc95b40335","2026-09-05T23:36:28.382825318+00:00","2026-09-05T23:36:28.382825318+00:00","2026-09-05T23:36:28.382825318+00:00","REVIEW_REQUIRED"
